"percentage_crawls_tracked","owner","owner_country","owner_lineage"
"67.36","Alphabet","US","Alphabet"
"67.36","Google","US","Google > Alphabet"
"49.31","Google APIs","US","Google APIs > Google > Alphabet"
"40.97","DoubleClick","US","DoubleClick > Google > Alphabet"
"39.58","Google Analytics","US","Google Analytics > Google > Alphabet"
"29.17","Google Tag Manager","US","Google Tag Manager > Google > Alphabet"
"23.61","AdSense","US","AdSense > Google > Alphabet"
"18.75","Automattic","US","Automattic"
"18.75","Facebook","US","Facebook"
"18.06","Wordpress","US","Wordpress > Automattic"
"16.67","YouTube","US","YouTube > Google > Alphabet"
"12.5","Amazon","US","Amazon"
"11.81","Quantcast","US","Quantcast"
"10.42","Index Exchange","CA","Index Exchange"
"10.42","OpenX","US","OpenX"
"9.72","PubMatic","US","PubMatic"
"9.72","Rubicon Project","US","Rubicon Project"
"9.03","GroupM","UK","GroupM > WPP"
"9.03","StackPath","US","StackPath"
"9.03","WPP","UK","WPP"
"8.33","Golden Gate Capital","US","Golden Gate Capital"
"8.33","Neustar","US","Neustar > Golden Gate Capital"
"8.33","Neustar Marketing","US","Neustar Marketing > Neustar > Golden Gate Capital"
"7.64","Acxiom","US","Acxiom"
"7.64","Amazon Marketing Services","US","Amazon Marketing Services > Amazon"
"7.64","LiveRamp","US","LiveRamp > Acxiom"
"7.64","Oracle","US","Oracle"
"7.64","Oracle Data Cloud","US","Oracle Data Cloud > Oracle"
"7.64","The Trade Desk","US","The Trade Desk"
"7.64","Xaxis","US","Xaxis > GroupM > WPP"
"6.94","Cloudflare","US","Cloudflare"
"6.94","Gravatar","US","Gravatar > Automattic"
"6.94","Twitter","US","Twitter"
"6.25","AT&T","US","AT&T"
"6.25","Fluct","JP","Fluct"
"6.25","jsDelivr","US","jsDelivr > Prospect One"
"6.25","Prospect One","US","Prospect One"
"6.25","Smart AdServer","FR","Smart AdServer"
"6.25","Xandr","US","Xandr > AT&T"
"5.56","AddThis","US","AddThis > Oracle Data Cloud > Oracle"
"5.56","Adobe Systems","US","Adobe Systems"
"5.56","Innovid","US","Innovid"
"5.56","Media Math","US","Media Math"
"5.56","Verizon","US","Verizon"
"5.56","Verizon Media","US","Verizon Media > Verizon"
"5.56","Yahoo","US","Yahoo > Verizon Media > Verizon"
"4.86","AdForm","DK","AdForm"
"4.86","Marimedia","IL","Marimedia"
"4.86","Taboola","US","Taboola"
"4.86","Taptica","US","Taptica > Marimedia"
"4.17","Adition Technologies","DE","Adition Technologies"
"4.17","ADYOULIKE","US","ADYOULIKE"
"4.17","Bidswitch","US","Bidswitch > IPONWEB"
"4.17","Criteo","FR","Criteo"
"4.17","IPONWEB","UK","IPONWEB"
"4.17","Loopme","UK","Loopme"
"4.17","Microsoft","US","Microsoft"
"4.17","Yandex","RU","Yandex"
"3.47","33Across","US","33Across"
"3.47","Altice SA","LU","Altice SA"
"3.47","Amobee","US","Amobee > Singtel"
"3.47","Azerion","NL","Azerion"
"3.47","Beeswax","US","Beeswax"
"3.47","Blinkx","US","Blinkx > RhythmOne > Taptica > Marimedia"
"3.47","Comcast","US","Comcast"
"3.47","Exponential Advertising Intelligence","US","Exponential Advertising Intelligence"
"3.47","FreeWheel","US","FreeWheel > Comcast"
"3.47","Gemius","PL","Gemius"
"3.47","GTCR","US","GTCR"
"3.47","ID5 Technology","UK","ID5 Technology"
"3.47","Improve Digital","NL","Improve Digital > Azerion"
"3.47","JS Foundation","US","JS Foundation"
"3.47","LinkedIn","US","LinkedIn > Microsoft"
"3.47","Lotame","US","Lotame"
"3.47","Media.net","US","Media.net"
"3.47","OnAudience","UK","OnAudience"
"3.47","RhythmOne","US","RhythmOne > Taptica > Marimedia"
"3.47","simpli.fi","US","simpli.fi > GTCR"
"3.47","Singtel","SG","Singtel"
"3.47","TapAd","US","TapAd > Telenor"
"3.47","Teads","US","Teads > Altice SA"
"3.47","Telenor","NO","Telenor"
"3.47","Tremor Video","US","Tremor Video > Taptica > Marimedia"
"3.47","Tribal Fusion","US","Tribal Fusion > Exponential Advertising Intelligence"
"3.47","Turn","US","Turn > Amobee > Singtel"
"3.47","Zeotap","DE","Zeotap"
"2.78","AdGear","CA","AdGear > Samsung"
"2.78","Adobe Audience Manager","US","Adobe Audience Manager > Adobe Experience Cloud > Adobe Systems"
"2.78","Adobe Experience Cloud","US","Adobe Experience Cloud > Adobe Systems"
"2.78","Adobe Fonts","US","Adobe Fonts > Adobe Systems"
"2.78","Avocet","UK","Avocet"
"2.78","Bidtheatre","SE","Bidtheatre"
"2.78","Centro","US","Centro"
"2.78","Conversant Media","US","Conversant Media > Here, There & Everywhere"
"2.78","Crimtan","UK","Crimtan"
"2.78","Dotomi","US","Dotomi > Conversant Media > Here, There & Everywhere"
"2.78","exelate","US","exelate > Nielsen Online"
"2.78","Federated Media","US","Federated Media"
"2.78","Fifty Technology","UK","Fifty Technology"
"2.78","Fonticons","US","Fonticons"
"2.78","Here, There & Everywhere","AU","Here, There & Everywhere"
"2.78","Nielsen Online","US","Nielsen Online"
"2.78","Oracle Blue Kai","US","Oracle Blue Kai > Oracle Data Cloud > Oracle"
"2.78","Outbrain","US","Outbrain"
"2.78","Pinterest","US","Pinterest"
"2.78","PulsePoint","US","PulsePoint"
"2.78","Rocketfuel","US","Rocketfuel > Sizmek > Amazon"
"2.78","Salesforce","US","Salesforce"
"2.78","Salesforce DMP","US","Salesforce DMP > Salesforce"
"2.78","Samsung","KR","Samsung"
"2.78","Semasio","DE","Semasio"
"2.78","Sharethrough","US","Sharethrough"
"2.78","SiteScout","US","SiteScout > Centro"
"2.78","Sizmek","US","Sizmek > Amazon"
"2.78","Sovrn","US","Sovrn > Federated Media"
"2.78","StickyADS.tv","US","StickyADS.tv > Comcast"
"2.78","Videology Group","US","Videology Group > Amobee > Singtel"
"2.78","Walmart","US","Walmart"
"2.78","Weborama","FR","Weborama"
"2.08","Inmobi","IN","Inmobi"
"1.39","AdScale","DE","AdScale > Check Point"
"1.39","Amazon Web Services","US","Amazon Web Services > Amazon"
"1.39","AWIN","DE","AWIN > Axel Springer"
"1.39","Axel Springer","DE","Axel Springer"
"1.39","Blogger","US","Blogger > Google > Alphabet"
"1.39","Check Point","US","Check Point"
"1.39","Disqus","US","Disqus > Zeta Global"
"1.39","Eyeota","SG","Eyeota"
"1.39","Google Video","US","Google Video > Google > Alphabet"
"1.39","HiStats","IT","HiStats > Wisecode"
"1.39","INFOnline","DE","INFOnline"
"1.39","Mail.Ru Group","RU","Mail.Ru Group > MegaFon"
"1.39","MegaFon","RU","MegaFon"
"1.39","Moat","US","Moat > Oracle Data Cloud > Oracle"
"1.39","plista","DE","plista > GroupM > WPP"
"1.39","Spot X Change","US","Spot X Change"
"1.39","Statcounter","IE","Statcounter"
"1.39","Unruly","UK","Unruly > Tremor Video > Taptica > Marimedia"
"1.39","Vkontakte","RU","Vkontakte > Mail.Ru Group > MegaFon"
"1.39","Wikimedia Foundation","US","Wikimedia Foundation"
"1.39","Wisecode","IT","Wisecode"
"1.39","Zeta Global","US","Zeta Global"
"0.69","Amp Project","US","Amp Project > Google > Alphabet"
"0.69","Aol","US","Aol > Verizon Media > Verizon"
"0.69","Appier","TW","Appier"
"0.69","Bing","US","Bing > Microsoft"
"0.69","Brightcove","US","Brightcove"
"0.69","Chartbeat","US","Chartbeat"
"0.69","comScore","US","comScore"
"0.69","CreateJS","CA","CreateJS"
"0.69","Cxense","NO","Cxense"
"0.69","DataXu","US","DataXu"
"0.69","DeepIntent","US","DeepIntent > Propel Media"
"0.69","Demandbase","US","Demandbase"
"0.69","Deutsche Telekom","DE","Deutsche Telekom"
"0.69","Dynadmic","FR","Dynadmic"
"0.69","EDFACT","RU","EDFACT > MediaScope"
"0.69","emetriq","DE","emetriq > Deutsche Telekom"
"0.69","Engine Media Exchange","US","Engine Media Exchange"
"0.69","etracker","DE","etracker"
"0.69","Fonts.com","US","Fonts.com > Monotype Imaging"
"0.69","GetIntent","US","GetIntent"
"0.69","Gumgum","US","Gumgum"
"0.69","Hotjar","MT","Hotjar"
"0.69","IAB Europe","BE","IAB Europe"
"0.69","IAC","US","IAC"
"0.69","Imgix","US","Imgix"
"0.69","Instagram","US","Instagram > Facebook"
"0.69","Integral Ad Science","US","Integral Ad Science"
"0.69","Linkpulse","NO","Linkpulse > plista > GroupM > WPP"
"0.69","LiveIntent","US","LiveIntent"
"0.69","Longtail Ad Solutions","US","Longtail Ad Solutions"
"0.69","MediaScope","RU","MediaScope"
"0.69","Monotype Imaging","US","Monotype Imaging"
"0.69","New Relic","US","New Relic"
"0.69","ONE by Aol","US","ONE by Aol > Aol > Verizon Media > Verizon"
"0.69","Propel Media","US","Propel Media"
"0.69","ScorecardResearch","US","ScorecardResearch > comScore"
"0.69","Sonobi","US","Sonobi"
"0.69","SpringServe","US","SpringServe"
"0.69","Ströer","DE","Ströer"
"0.69","TripleLift","US","TripleLift"
"0.69","Trusted Shops","DE","Trusted Shops"
"0.69","Vimeo","US","Vimeo > IAC"
"0.69","Webtrekk","DE","Webtrekk"
"0.69","xplosion Interactive","DE","xplosion Interactive > emetriq > Deutsche Telekom"
"0.69","Yadro","RU","Yadro"
"0.69","Yieldlab","DE","Yieldlab"
