"page_domain","3p_request_domain","3p_domain_owner","3p_domain_owner_country"
"achgut.com","cdntrf.com","",""
"achgut.com","cloudfront.net","Amazon","US"
"achgut.com","ioam.de","INFOnline","DE"
"achgut.com","opencmp.net","",""
"addendum.org","brightcove.com","Brightcove","US"
"alpenparlament.tv","facebook.com","Facebook","US"
"alpenparlament.tv","google-analytics.com","Google Analytics","US"
"alpenparlament.tv","newrelic.com","New Relic","US"
"alpenparlament.tv","nr-data.net","New Relic","US"
"alpenparlament.tv","vimeo.com","Vimeo","US"
"alpenparlament.tv","vimeocdn.com","Vimeo","US"
"alpenschau.com","1rx.io","Blinkx","US"
"alpenschau.com","360yield.com","Improve Digital","NL"
"alpenschau.com","addthis.com","AddThis","US"
"alpenschau.com","adform.net","AdForm","DK"
"alpenschau.com","adgrx.com","AdGear","CA"
"alpenschau.com","adingo.jp","Fluct","JP"
"alpenschau.com","adition.com","Adition Technologies","DE"
"alpenschau.com","admanmedia.com","",""
"alpenschau.com","admedo.com","",""
"alpenschau.com","adnxs.com","Xandr","US"
"alpenschau.com","adpartner.pro","",""
"alpenschau.com","adsrvr.org","The Trade Desk","US"
"alpenschau.com","adtarget.com.tr","",""
"alpenschau.com","adtelligent.com","",""
"alpenschau.com","agkn.com","Neustar Marketing","US"
"alpenschau.com","amazon-adsystem.com","Amazon Marketing Services","US"
"alpenschau.com","audrte.com","",""
"alpenschau.com","bidr.io","Beeswax","US"
"alpenschau.com","bidswitch.net","Bidswitch","US"
"alpenschau.com","bidtheatre.com","Bidtheatre","SE"
"alpenschau.com","bluekai.com","Oracle Blue Kai","US"
"alpenschau.com","casalemedia.com","Index Exchange","CA"
"alpenschau.com","contextweb.com","PulsePoint","US"
"alpenschau.com","cookieless-data.com","",""
"alpenschau.com","creativecdn.com","",""
"alpenschau.com","criteo.com","Criteo","FR"
"alpenschau.com","crwdcntrl.net","Lotame","US"
"alpenschau.com","ctnsnet.com","Crimtan","UK"
"alpenschau.com","de17a.com","",""
"alpenschau.com","demdex.net","Adobe Audience Manager","US"
"alpenschau.com","dotomi.com","Dotomi","US"
"alpenschau.com","doubleclick.net","DoubleClick","US"
"alpenschau.com","e-planning.net","",""
"alpenschau.com","e-volution.ai","",""
"alpenschau.com","erne.co","",""
"alpenschau.com","eu-1-id5-sync.com","",""
"alpenschau.com","everesttech.net","Adobe Experience Cloud","US"
"alpenschau.com","exelator.com","exelate","US"
"alpenschau.com","eyeota.net","Eyeota","SG"
"alpenschau.com","facebook.com","Facebook","US"
"alpenschau.com","facebook.net","Facebook","US"
"alpenschau.com","fbcdn.net","Facebook","US"
"alpenschau.com","fiftyt.com","Fifty Technology","UK"
"alpenschau.com","fwmrm.net","FreeWheel","US"
"alpenschau.com","gemius.pl","Gemius","PL"
"alpenschau.com","google-analytics.com","Google Analytics","US"
"alpenschau.com","google.ch","Google","US"
"alpenschau.com","google.com","Google","US"
"alpenschau.com","googleadservices.com","AdSense","US"
"alpenschau.com","googleapis.com","Google APIs","US"
"alpenschau.com","googlesyndication.com","AdSense","US"
"alpenschau.com","googletagmanager.com","Google Tag Manager","US"
"alpenschau.com","googletagservices.com","Google Tag Manager","US"
"alpenschau.com","googleusercontent.com","Google","US"
"alpenschau.com","gstatic.com","Google","US"
"alpenschau.com","id5-sync.com","ID5 Technology","UK"
"alpenschau.com","idealmedia.io","",""
"alpenschau.com","imrworldwide.com","Nielsen Online","US"
"alpenschau.com","inmobi.com","Inmobi","IN"
"alpenschau.com","innovid.com","Innovid","US"
"alpenschau.com","iprom.net","",""
"alpenschau.com","kargo.com","",""
"alpenschau.com","krxd.net","Salesforce DMP","US"
"alpenschau.com","lijit.com","Sovrn","US"
"alpenschau.com","loopme.me","Loopme","UK"
"alpenschau.com","mathtag.com","Media Math","US"
"alpenschau.com","media.net","Media.net","US"
"alpenschau.com","mgid.com","",""
"alpenschau.com","mookie1.com","Xaxis","US"
"alpenschau.com","onaudience.com","OnAudience","UK"
"alpenschau.com","onetag-sys.com","",""
"alpenschau.com","openx.net","OpenX","US"
"alpenschau.com","pinterest.com","Pinterest","US"
"alpenschau.com","playground.xyz","",""
"alpenschau.com","pubmatic.com","PubMatic","US"
"alpenschau.com","quantserve.com","Quantcast","US"
"alpenschau.com","rfihub.com","Rocketfuel","US"
"alpenschau.com","richaudience.com","",""
"alpenschau.com","rlcdn.com","LiveRamp","US"
"alpenschau.com","rtbsystem.org","",""
"alpenschau.com","rubiconproject.com","Rubicon Project","US"
"alpenschau.com","semasio.net","Semasio","DE"
"alpenschau.com","simpli.fi","simpli.fi","US"
"alpenschau.com","sitescout.com","SiteScout","US"
"alpenschau.com","smadex.com","",""
"alpenschau.com","smartadserver.com","Smart AdServer","FR"
"alpenschau.com","spotim.market","",""
"alpenschau.com","spotimmedia.com","",""
"alpenschau.com","stackadapt.com","",""
"alpenschau.com","taboola.com","Taboola","US"
"alpenschau.com","tapad.com","TapAd","US"
"alpenschau.com","tidaltv.com","Videology Group","US"
"alpenschau.com","tribalfusion.com","Tribal Fusion","US"
"alpenschau.com","truffle.bid","",""
"alpenschau.com","turn.com","Turn","US"
"alpenschau.com","twitter.com","Twitter","US"
"alpenschau.com","tynt.com","33Across","US"
"alpenschau.com","vidoomy.com","",""
"alpenschau.com","vitaminum.net","",""
"alpenschau.com","w.org","Wordpress","US"
"alpenschau.com","walmart.com","Walmart","US"
"alpenschau.com","weborama.fr","Weborama","FR"
"alpenschau.com","widespace.com","",""
"alpenschau.com","wp.com","Wordpress","US"
"alpenschau.com","yahoo.com","Yahoo","US"
"alpenschau.com","zeotap.com","Zeotap","DE"
"anderweltonline.com","facebook.com","Facebook","US"
"anonymousnews.org","anonymousnews.ru","",""
"anonymousnews.org","google-analytics.com","Google Analytics","US"
"bachheimer.com","bootstrapcdn.com","StackPath","US"
"bachheimer.com","doubleclick.net","DoubleClick","US"
"bachheimer.com","google-analytics.com","Google Analytics","US"
"bachheimer.com","google.ch","Google","US"
"bachheimer.com","google.com","Google","US"
"bachheimer.com","googleadservices.com","AdSense","US"
"bachheimer.com","googleapis.com","Google APIs","US"
"bachheimer.com","googlesyndication.com","AdSense","US"
"bachheimer.com","googletagmanager.com","Google Tag Manager","US"
"bachheimer.com","gstatic.com","Google","US"
"bachheimer.com","gvs-bullion.com","",""
"bachheimer.com","tradingview-widget.com","",""
"bachheimer.com","tradingview.com","",""
"berlinjournal.biz","doubleclick.net","DoubleClick","US"
"berlinjournal.biz","facebook.com","Facebook","US"
"berlinjournal.biz","facebook.net","Facebook","US"
"berlinjournal.biz","fbcdn.net","Facebook","US"
"berlinjournal.biz","google-analytics.com","Google Analytics","US"
"berlinjournal.biz","googleapis.com","Google APIs","US"
"berlinjournal.biz","googletagmanager.com","Google Tag Manager","US"
"berlinjournal.biz","gstatic.com","Google","US"
"bildblog.de","googleapis.com","Google APIs","US"
"bildblog.de","typekit.net","Adobe Fonts","US"
"bildblog.de","vgwort.de","",""
"blauenarzisse.de","bootstrapcdn.com","StackPath","US"
"blauenarzisse.de","googleapis.com","Google APIs","US"
"blauenarzisse.de","gstatic.com","Google","US"
"blauenarzisse.de","wp.com","Wordpress","US"
"blogspot.com","addthis.com","AddThis","US"
"blogspot.com","addthisedge.com","AddThis","US"
"blogspot.com","amazon-adsystem.com","Amazon Marketing Services","US"
"blogspot.com","assoc-amazon.com","",""
"blogspot.com","blogblog.com","Blogger","US"
"blogspot.com","blogger.com","Blogger","US"
"blogspot.com","bookcdn.com","",""
"blogspot.com","booked.net","",""
"blogspot.com","doubleclick.net","DoubleClick","US"
"blogspot.com","facebook.com","Facebook","US"
"blogspot.com","facebook.net","Facebook","US"
"blogspot.com","ggpht.com","Google","US"
"blogspot.com","google-analytics.com","Google Analytics","US"
"blogspot.com","google.ch","Google","US"
"blogspot.com","google.com","Google","US"
"blogspot.com","googleadservices.com","AdSense","US"
"blogspot.com","googleapis.com","Google APIs","US"
"blogspot.com","googlecode.com","",""
"blogspot.com","googlesyndication.com","AdSense","US"
"blogspot.com","googleusercontent.com","Google","US"
"blogspot.com","googlevideo.com","Google Video","US"
"blogspot.com","gstatic.com","Google","US"
"blogspot.com","iraqbodycount.org","",""
"blogspot.com","moatads.com","Moat","US"
"blogspot.com","nachdenkseiten.de","",""
"blogspot.com","net-news-express.de","",""
"blogspot.com","paypal.com","",""
"blogspot.com","paypalobjects.com","",""
"blogspot.com","radio-utopie.de","",""
"blogspot.com","revolvermaps.com","",""
"blogspot.com","ssl-images-amazon.com","Amazon","US"
"blogspot.com","statcounter.com","Statcounter","IE"
"blogspot.com","twitter.com","Twitter","US"
"blogspot.com","twittercounter.com","",""
"blogspot.com","tynt.com","33Across","US"
"blogspot.com","youtube.com","YouTube","US"
"blogspot.com","ytimg.com","YouTube","US"
"cashkurs.com","boerse-go.de","",""
"cashkurs.com","cloudflare.com","Cloudflare","US"
"cashkurs.com","guidants.com","",""
"cashkurs.com","plyr.io","",""
"cicero.de","2mdn.net","DoubleClick","US"
"cicero.de","360yield.com","Improve Digital","NL"
"cicero.de","adform.net","AdForm","DK"
"cicero.de","adition.com","Adition Technologies","DE"
"cicero.de","adkernel.com","",""
"cicero.de","adnxs.com","Xandr","US"
"cicero.de","adscale.de","AdScale","DE"
"cicero.de","adsrvr.org","The Trade Desk","US"
"cicero.de","agkn.com","Neustar Marketing","US"
"cicero.de","amazon-adsystem.com","Amazon Marketing Services","US"
"cicero.de","ampproject.org","Amp Project","US"
"cicero.de","awin1.com","AWIN","DE"
"cicero.de","bic-media.com","",""
"cicero.de","bidr.io","Beeswax","US"
"cicero.de","bidswitch.net","Bidswitch","US"
"cicero.de","bootstrapcdn.com","StackPath","US"
"cicero.de","casalemedia.com","Index Exchange","CA"
"cicero.de","confiant-integrations.net","",""
"cicero.de","conrad.ch","",""
"cicero.de","criteo.com","Criteo","FR"
"cicero.de","criteo.net","Criteo","FR"
"cicero.de","crwdcntrl.net","Lotame","US"
"cicero.de","de17a.com","",""
"cicero.de","doubleclick.net","DoubleClick","US"
"cicero.de","etracker.com","etracker","DE"
"cicero.de","etracker.de","etracker","DE"
"cicero.de","google-analytics.com","Google Analytics","US"
"cicero.de","google.ch","Google","US"
"cicero.de","google.com","Google","US"
"cicero.de","googleapis.com","Google APIs","US"
"cicero.de","googlesyndication.com","AdSense","US"
"cicero.de","googletagmanager.com","Google Tag Manager","US"
"cicero.de","googletagservices.com","Google Tag Manager","US"
"cicero.de","ibillboard.com","",""
"cicero.de","indexww.com","Index Exchange","CA"
"cicero.de","jsdelivr.net","jsDelivr","US"
"cicero.de","linkedin.com","LinkedIn","US"
"cicero.de","m6r.eu","Ströer","DE"
"cicero.de","mathtag.com","Media Math","US"
"cicero.de","matomo.cloud","",""
"cicero.de","mookie1.com","Xaxis","US"
"cicero.de","nativendo.de","",""
"cicero.de","omnitagjs.com","ADYOULIKE","US"
"cicero.de","onaudience.com","OnAudience","UK"
"cicero.de","openx.net","OpenX","US"
"cicero.de","otto.de","",""
"cicero.de","privacy-mgmt.com","",""
"cicero.de","pubmatic.com","PubMatic","US"
"cicero.de","quantserve.com","Quantcast","US"
"cicero.de","redintelligence.net","",""
"cicero.de","rubiconproject.com","Rubicon Project","US"
"cicero.de","sharethrough.com","Sharethrough","US"
"cicero.de","signalize.com","",""
"cicero.de","simpli.fi","simpli.fi","US"
"cicero.de","smaato.net","",""
"cicero.de","smartadserver.com","Smart AdServer","FR"
"cicero.de","sportradarserving.com","",""
"cicero.de","taboola.com","Taboola","US"
"cicero.de","tapad.com","TapAd","US"
"cicero.de","teads.tv","Teads","US"
"cicero.de","trafficroots.com","",""
"cicero.de","tremorhub.com","Tremor Video","US"
"cicero.de","turn.com","Turn","US"
"cicero.de","userreport.com","",""
"cicero.de","xplosion.de","xplosion Interactive","DE"
"cicero.de","yahoo.com","Yahoo","US"
"cicero.de","yieldlove-ad-serving.net","",""
"cicero.de","yieldlove.com","",""
"compact-online.de","doubleclick.net","DoubleClick","US"
"compact-online.de","google-analytics.com","Google Analytics","US"
"compact-online.de","google.ch","Google","US"
"compact-online.de","google.com","Google","US"
"compact-online.de","googletagmanager.com","Google Tag Manager","US"
"compact-online.de","onesignal.com","",""
"daslamm.ch","onesignal.com","",""
"daslamm.ch","stripe.com","",""
"daslamm.ch","stripe.network","",""
"derfunke.at","fbcdn.net","Facebook","US"
"derfunke.at","fontawesome.com","Fonticons","US"
"derfunke.at","google-analytics.com","Google Analytics","US"
"derfunke.at","googleapis.com","Google APIs","US"
"derfunke.at","gstatic.com","Google","US"
"derfunke.at","youtube.com","YouTube","US"
"derwaechter.net","doubleclick.net","DoubleClick","US"
"derwaechter.net","google-analytics.com","Google Analytics","US"
"derwaechter.net","google.ch","Google","US"
"derwaechter.net","google.com","Google","US"
"derwaechter.net","googleadservices.com","AdSense","US"
"derwaechter.net","googleapis.com","Google APIs","US"
"derwaechter.net","googlesyndication.com","AdSense","US"
"derwaechter.net","gstatic.com","Google","US"
"derwaechter.net","onesignal.com","",""
"deutsche-mittelstands-nachrichten.de","doubleclick.net","DoubleClick","US"
"deutsche-mittelstands-nachrichten.de","facebook.com","Facebook","US"
"deutsche-mittelstands-nachrichten.de","facebook.net","Facebook","US"
"deutsche-mittelstands-nachrichten.de","fbcdn.net","Facebook","US"
"deutsche-mittelstands-nachrichten.de","google-analytics.com","Google Analytics","US"
"deutsche-mittelstands-nachrichten.de","google.ch","Google","US"
"deutsche-mittelstands-nachrichten.de","google.com","Google","US"
"deutsche-mittelstands-nachrichten.de","googleadservices.com","AdSense","US"
"deutsche-mittelstands-nachrichten.de","googleapis.com","Google APIs","US"
"deutsche-mittelstands-nachrichten.de","googlesyndication.com","AdSense","US"
"deutsche-mittelstands-nachrichten.de","googletagservices.com","Google Tag Manager","US"
"deutsche-mittelstands-nachrichten.de","gstatic.com","Google","US"
"deutsche-wirtschafts-nachrichten.de","2mdn.net","DoubleClick","US"
"deutsche-wirtschafts-nachrichten.de","adition.com","Adition Technologies","DE"
"deutsche-wirtschafts-nachrichten.de","createjs.com","CreateJS","CA"
"deutsche-wirtschafts-nachrichten.de","doubleclick.net","DoubleClick","US"
"deutsche-wirtschafts-nachrichten.de","google-analytics.com","Google Analytics","US"
"deutsche-wirtschafts-nachrichten.de","google.ch","Google","US"
"deutsche-wirtschafts-nachrichten.de","google.com","Google","US"
"deutsche-wirtschafts-nachrichten.de","googleapis.com","Google APIs","US"
"deutsche-wirtschafts-nachrichten.de","googlesyndication.com","AdSense","US"
"deutsche-wirtschafts-nachrichten.de","googletagmanager.com","Google Tag Manager","US"
"deutsche-wirtschafts-nachrichten.de","googletagservices.com","Google Tag Manager","US"
"deutsche-wirtschafts-nachrichten.de","wallstreet-online.de","",""
"deutsche-wirtschafts-nachrichten.de","yieldlab.net","Yieldlab","DE"
"deutschelobby.com","resultboiji.com","",""
"deutschlandkurier.de","google-analytics.com","Google Analytics","US"
"deutschlandkurier.de","google.com","Google","US"
"deutschlandkurier.de","googleapis.com","Google APIs","US"
"deutschlandkurier.de","googletagmanager.com","Google Tag Manager","US"
"deutschlandkurier.de","gstatic.com","Google","US"
"diefreiemeinung.de","beratungsflat.de","",""
"diefreiemeinung.de","blogcounter.de","",""
"diefreiemeinung.de","bloggeramt.de","",""
"diefreiemeinung.de","doubleclick.net","DoubleClick","US"
"diefreiemeinung.de","google.ch","Google","US"
"diefreiemeinung.de","google.com","Google","US"
"diefreiemeinung.de","googleadservices.com","AdSense","US"
"diefreiemeinung.de","googleapis.com","Google APIs","US"
"diefreiemeinung.de","googlesyndication.com","AdSense","US"
"diefreiemeinung.de","gstatic.com","Google","US"
"diefreiemeinung.de","net-news-express.de","",""
"diefreiemeinung.de","printfriendly.com","",""
"diefreiemeinung.de","topblogs.de","",""
"diefreiemeinung.de","topnewsinfo.de","",""
"dieunbestechlichen.com","doubleclick.net","DoubleClick","US"
"dieunbestechlichen.com","google-analytics.com","Google Analytics","US"
"dieunbestechlichen.com","googletagmanager.com","Google Tag Manager","US"
"dieunbestechlichen.com","onesignal.com","",""
"dieunbestechlichen.com","trustedshops.com","Trusted Shops","DE"
"dieunbestechlichen.com","wp.com","Wordpress","US"
"dossier.at","google-analytics.com","Google Analytics","US"
"dossier.at","googletagmanager.com","Google Tag Manager","US"
"dossier.at","typekit.net","Adobe Fonts","US"
"ef-magazin.de","doubleclick.net","DoubleClick","US"
"ef-magazin.de","google.ch","Google","US"
"ef-magazin.de","google.com","Google","US"
"ef-magazin.de","googleadservices.com","AdSense","US"
"ef-magazin.de","googlesyndication.com","AdSense","US"
"eingeschenkt.tv","cdninstagram.com","Instagram","US"
"eingeschenkt.tv","googleapis.com","Google APIs","US"
"eingeschenkt.tv","gstatic.com","Google","US"
"einprozent.de","gstatic.com","Google","US"
"einprozent.de","jsdelivr.net","jsDelivr","US"
"einprozent.de","lbry.com","",""
"einprozent.de","odycdn.com","",""
"einprozent.de","odysee.com","",""
"einprozent.de","odysee.tv","",""
"epochtimes.de","cookiebot.eu","",""
"eulu.info","bootstrapcdn.com","StackPath","US"
"eulu.info","cloudflare.com","Cloudflare","US"
"eulu.info","doubleclick.net","DoubleClick","US"
"eulu.info","facebook.com","Facebook","US"
"eulu.info","facebook.net","Facebook","US"
"eulu.info","ggpht.com","Google","US"
"eulu.info","google.com","Google","US"
"eulu.info","googleapis.com","Google APIs","US"
"eulu.info","gstatic.com","Google","US"
"eulu.info","youtube.com","YouTube","US"
"eulu.info","ytimg.com","YouTube","US"
"expresszeitung.com","cloudflare.com","Cloudflare","US"
"expresszeitung.com","doubleclick.net","DoubleClick","US"
"expresszeitung.com","google-analytics.com","Google Analytics","US"
"expresszeitung.com","google.ch","Google","US"
"expresszeitung.com","google.com","Google","US"
"expresszeitung.com","googleapis.com","Google APIs","US"
"expresszeitung.com","googletagmanager.com","Google Tag Manager","US"
"expresszeitung.com","gstatic.com","Google","US"
"expresszeitung.com","hotjar.com","Hotjar","MT"
"expresszeitung.com","issuu.com","",""
"expresszeitung.com","isu.pub","",""
"expresszeitung.com","jsdelivr.net","jsDelivr","US"
"expresszeitung.com","paypal.com","",""
"expresszeitung.com","paypalobjects.com","",""
"expresszeitung.com","quantcount.com","Quantcast","US"
"expresszeitung.com","quantserve.com","Quantcast","US"
"extremnews.com","google-analytics.com","Google Analytics","US"
"faktum-magazin.de","amazon-adsystem.com","Amazon Marketing Services","US"
"faktum-magazin.de","doubleclick.net","DoubleClick","US"
"faktum-magazin.de","ggpht.com","Google","US"
"faktum-magazin.de","google.com","Google","US"
"faktum-magazin.de","googleapis.com","Google APIs","US"
"faktum-magazin.de","gstatic.com","Google","US"
"faktum-magazin.de","media-amazon.com","Amazon","US"
"faktum-magazin.de","wp.com","Wordpress","US"
"faktum-magazin.de","youtube.com","YouTube","US"
"faktum-magazin.de","ytimg.com","YouTube","US"
"feed-reader.net","cloudflare.com","Cloudflare","US"
"fischundfleisch.com","doubleclick.net","DoubleClick","US"
"fischundfleisch.com","facebook.net","Facebook","US"
"fischundfleisch.com","google-analytics.com","Google Analytics","US"
"fischundfleisch.com","polyfill.io","",""
"free21.org","gstatic.com","Google","US"
"freie-welt.eu","freeprivacypolicy.com","",""
"freie-welt.eu","google.com","Google","US"
"freie-welt.eu","googleapis.com","Google APIs","US"
"freie-welt.eu","gstatic.com","Google","US"
"freie-welt.eu","tsecurity.de","",""
"freiesicht.org","doubleclick.net","DoubleClick","US"
"freiesicht.org","ggpht.com","Google","US"
"freiesicht.org","google-analytics.com","Google Analytics","US"
"freiesicht.org","google.com","Google","US"
"freiesicht.org","googleapis.com","Google APIs","US"
"freiesicht.org","gstatic.com","Google","US"
"freiesicht.org","youtube.com","YouTube","US"
"freiesicht.org","ytimg.com","YouTube","US"
"freiewelt.net","googleapis.com","Google APIs","US"
"freiewelt.net","gstatic.com","Google","US"
"geolitico.de","adnxs-simple.com","",""
"geolitico.de","cdntrf.com","",""
"geolitico.de","cloudfront.net","Amazon","US"
"geolitico.de","doubleclick.net","DoubleClick","US"
"geolitico.de","google-analytics.com","Google Analytics","US"
"geolitico.de","google.ch","Google","US"
"geolitico.de","googleapis.com","Google APIs","US"
"geolitico.de","googletagmanager.com","Google Tag Manager","US"
"geolitico.de","jquery.com","JS Foundation","US"
"geolitico.de","opencmp.net","",""
"geolitico.de","plista.com","plista","DE"
"graswurzel.net","googleapis.com","Google APIs","US"
"heise.de","cloudimg.io","",""
"heise.de","ix.de","",""
"heise.de","mateti.net","Webtrekk","DE"
"heise.de","privacy-mgmt.com","",""
"heise.de","upscore.com","",""
"info-direkt.eu","bootstrapcdn.com","StackPath","US"
"info-direkt.eu","doubleclick.net","DoubleClick","US"
"info-direkt.eu","google-analytics.com","Google Analytics","US"
"info-direkt.eu","google.ch","Google","US"
"info-direkt.eu","google.com","Google","US"
"info-direkt.eu","googleadservices.com","AdSense","US"
"info-direkt.eu","googleapis.com","Google APIs","US"
"info-direkt.eu","googlesyndication.com","AdSense","US"
"info-direkt.eu","googletagmanager.com","Google Tag Manager","US"
"info-direkt.eu","googletagservices.com","Google Tag Manager","US"
"info-direkt.eu","gstatic.com","Google","US"
"info-direkt.eu","wp.com","Wordpress","US"
"infosperber.ch","cloudflare.com","Cloudflare","US"
"infosperber.ch","google-analytics.com","Google Analytics","US"
"infosperber.ch","googleapis.com","Google APIs","US"
"infosperber.ch","googletagmanager.com","Google Tag Manager","US"
"infosperber.ch","mailerlite.com","",""
"infosperber.ch","mlcdn.com","",""
"internetz-zeitung.eu","b37mrtl.ru","",""
"internetz-zeitung.eu","wikimedia.org","Wikimedia Foundation","US"
"journalistenwatch.com","ad.style","",""
"journalistenwatch.com","adingo.jp","Fluct","JP"
"journalistenwatch.com","adsrvr.org","The Trade Desk","US"
"journalistenwatch.com","agkn.com","Neustar Marketing","US"
"journalistenwatch.com","casalemedia.com","Index Exchange","CA"
"journalistenwatch.com","doubleclick.net","DoubleClick","US"
"journalistenwatch.com","fontawesome.com","Fonticons","US"
"journalistenwatch.com","foremedia.net","",""
"journalistenwatch.com","fraudscore.ai","",""
"journalistenwatch.com","google-analytics.com","Google Analytics","US"
"journalistenwatch.com","google.ch","Google","US"
"journalistenwatch.com","google.com","Google","US"
"journalistenwatch.com","googleadservices.com","AdSense","US"
"journalistenwatch.com","googleapis.com","Google APIs","US"
"journalistenwatch.com","googlesyndication.com","AdSense","US"
"journalistenwatch.com","googletagmanager.com","Google Tag Manager","US"
"journalistenwatch.com","googletagservices.com","Google Tag Manager","US"
"journalistenwatch.com","gstatic.com","Google","US"
"journalistenwatch.com","innovid.com","Innovid","US"
"journalistenwatch.com","loopme.me","Loopme","UK"
"journalistenwatch.com","media.net","Media.net","US"
"journalistenwatch.com","openx.net","OpenX","US"
"journalistenwatch.com","pubmatic.com","PubMatic","US"
"journalistenwatch.com","pubtagmanager.com","",""
"journalistenwatch.com","quantserve.com","Quantcast","US"
"journalistenwatch.com","rubiconproject.com","Rubicon Project","US"
"journalistenwatch.com","webpushr.com","",""
"journalistenwatch.com","wp.com","Wordpress","US"
"jungefreiheit.de","jf-buchdienst.de","",""
"kla.tv","klagemauer.tv","",""
"kontrast.at","googleapis.com","Google APIs","US"
"kontrast.at","gstatic.com","Google","US"
"kontrast.at","headroom.at","",""
"kopp-report.de","cloudflareinsights.com","",""
"kopp-report.de","doubleclick.net","DoubleClick","US"
"kopp-report.de","ggpht.com","Google","US"
"kopp-report.de","google-analytics.com","Google Analytics","US"
"kopp-report.de","google.ch","Google","US"
"kopp-report.de","google.com","Google","US"
"kopp-report.de","googleapis.com","Google APIs","US"
"kopp-report.de","googletagmanager.com","Google Tag Manager","US"
"kopp-report.de","gstatic.com","Google","US"
"kopp-report.de","sendinblue.com","",""
"kopp-report.de","sibautomation.com","",""
"kopp-report.de","youtube.com","YouTube","US"
"kopp-report.de","ytimg.com","YouTube","US"
"krautreporter.de","chartbeat.com","Chartbeat","US"
"krautreporter.de","chartbeat.net","Chartbeat","US"
"krautreporter.de","cloudfront.net","Amazon","US"
"krautreporter.de","webflow.com","",""
"krisenfrei.com","addthis.com","AddThis","US"
"krisenfrei.com","adingo.jp","Fluct","JP"
"krisenfrei.com","anti-spiegel.ru","",""
"krisenfrei.com","casalemedia.com","Index Exchange","CA"
"krisenfrei.com","doubleclick.net","DoubleClick","US"
"krisenfrei.com","free21.org","",""
"krisenfrei.com","gemius.pl","Gemius","PL"
"krisenfrei.com","ggpht.com","Google","US"
"krisenfrei.com","goldbroker.com","",""
"krisenfrei.com","goldswitzerland.com","",""
"krisenfrei.com","google.ch","Google","US"
"krisenfrei.com","google.com","Google","US"
"krisenfrei.com","googleadservices.com","AdSense","US"
"krisenfrei.com","googleapis.com","Google APIs","US"
"krisenfrei.com","googlesyndication.com","AdSense","US"
"krisenfrei.com","googletagmanager.com","Google Tag Manager","US"
"krisenfrei.com","googletagservices.com","Google Tag Manager","US"
"krisenfrei.com","gravatar.com","Gravatar","US"
"krisenfrei.com","gstatic.com","Google","US"
"krisenfrei.com","histats.com","HiStats","IT"
"krisenfrei.com","innovid.com","Innovid","US"
"krisenfrei.com","mookie1.com","Xaxis","US"
"krisenfrei.com","openx.net","OpenX","US"
"krisenfrei.com","pubmatic.com","PubMatic","US"
"krisenfrei.com","qpress.de","",""
"krisenfrei.com","quantserve.com","Quantcast","US"
"krisenfrei.com","rlcdn.com","LiveRamp","US"
"krisenfrei.com","rubiconproject.com","Rubicon Project","US"
"krisenfrei.com","trustpilot.com","",""
"krisenfrei.com","wordpress.com","Wordpress","US"
"krisenfrei.com","wp.com","Wordpress","US"
"krisenfrei.com","youtube.com","YouTube","US"
"krisenfrei.com","ytimg.com","YouTube","US"
"legitim.ch","cloudflare.com","Cloudflare","US"
"legitim.ch","facebook.com","Facebook","US"
"legitim.ch","facebook.net","Facebook","US"
"legitim.ch","google-analytics.com","Google Analytics","US"
"legitim.ch","googletagmanager.com","Google Tag Manager","US"
"legitim.ch","jsdelivr.net","jsDelivr","US"
"legitim.ch","parastorage.com","",""
"legitim.ch","pinterest.com","Pinterest","US"
"legitim.ch","visitor-analytics.io","",""
"legitim.ch","wix.com","",""
"legitim.ch","wixstatic.com","",""
"linksnet.de","in-berlin.de","",""
"m-v.tv","googleapis.com","Google APIs","US"
"m-v.tv","gstatic.com","Google","US"
"m-v.tv","michael-vogt.tv","",""
"menschenzeitung.de","addthis.com","AddThis","US"
"menschenzeitung.de","adingo.jp","Fluct","JP"
"menschenzeitung.de","agkn.com","Neustar Marketing","US"
"menschenzeitung.de","bootstrapcdn.com","StackPath","US"
"menschenzeitung.de","casalemedia.com","Index Exchange","CA"
"menschenzeitung.de","cloudflare.com","Cloudflare","US"
"menschenzeitung.de","doubleclick.net","DoubleClick","US"
"menschenzeitung.de","google.ch","Google","US"
"menschenzeitung.de","google.com","Google","US"
"menschenzeitung.de","googleadservices.com","AdSense","US"
"menschenzeitung.de","googleapis.com","Google APIs","US"
"menschenzeitung.de","googlesyndication.com","AdSense","US"
"menschenzeitung.de","googletagservices.com","Google Tag Manager","US"
"menschenzeitung.de","gstatic.com","Google","US"
"menschenzeitung.de","innovid.com","Innovid","US"
"menschenzeitung.de","kachelmannwetter.com","",""
"menschenzeitung.de","openx.net","OpenX","US"
"menschenzeitung.de","pubmatic.com","PubMatic","US"
"menschenzeitung.de","quantserve.com","Quantcast","US"
"menschenzeitung.de","rlcdn.com","LiveRamp","US"
"menschenzeitung.de","rubiconproject.com","Rubicon Project","US"
"menschenzeitung.de","twimg.com","Twitter","US"
"menschenzeitung.de","twitter.com","Twitter","US"
"menschenzeitung.de","walmart.com","Walmart","US"
"mosaik-blog.at","googleapis.com","Google APIs","US"
"mosaik-blog.at","gravatar.com","Gravatar","US"
"mosaik-blog.at","gstatic.com","Google","US"
"nachdenkseiten.de","wp.com","Wordpress","US"
"neopresse.com","bootstrapcdn.com","StackPath","US"
"neopresse.com","cleverpush.com","",""
"neopresse.com","doubleclick.net","DoubleClick","US"
"neopresse.com","facebook.com","Facebook","US"
"neopresse.com","facebook.net","Facebook","US"
"neopresse.com","google-analytics.com","Google Analytics","US"
"neopresse.com","google.ch","Google","US"
"neopresse.com","google.com","Google","US"
"neopresse.com","googleadservices.com","AdSense","US"
"neopresse.com","googleapis.com","Google APIs","US"
"neopresse.com","googlesyndication.com","AdSense","US"
"neopresse.com","googletagmanager.com","Google Tag Manager","US"
"neopresse.com","gstatic.com","Google","US"
"neopresse.com","jquery.com","JS Foundation","US"
"neopresse.com","wh2120.de","",""
"netkompakt.de","google-analytics.com","Google Analytics","US"
"netkompakt.de","googleapis.com","Google APIs","US"
"netkompakt.de","gstatic.com","Google","US"
"netkompakt.de","imgur.com","",""
"netkompakt.de","wp.com","Wordpress","US"
"netzfrauen.org","adingo.jp","Fluct","JP"
"netzfrauen.org","agkn.com","Neustar Marketing","US"
"netzfrauen.org","casalemedia.com","Index Exchange","CA"
"netzfrauen.org","cloudflare.com","Cloudflare","US"
"netzfrauen.org","doubleclick.net","DoubleClick","US"
"netzfrauen.org","google.ch","Google","US"
"netzfrauen.org","google.com","Google","US"
"netzfrauen.org","googleadservices.com","AdSense","US"
"netzfrauen.org","googleapis.com","Google APIs","US"
"netzfrauen.org","googlesyndication.com","AdSense","US"
"netzfrauen.org","googletagservices.com","Google Tag Manager","US"
"netzfrauen.org","gstatic.com","Google","US"
"netzfrauen.org","mookie1.com","Xaxis","US"
"netzfrauen.org","openx.net","OpenX","US"
"netzfrauen.org","pubmatic.com","PubMatic","US"
"netzfrauen.org","quantserve.com","Quantcast","US"
"news-front.info","2kita.com","",""
"news-front.info","addthis.com","AddThis","US"
"news-front.info","addthisedge.com","AddThis","US"
"news-front.info","doubleclick.net","DoubleClick","US"
"news-front.info","github.io","",""
"news-front.info","google-analytics.com","Google Analytics","US"
"news-front.info","google.ch","Google","US"
"news-front.info","google.com","Google","US"
"news-front.info","googleapis.com","Google APIs","US"
"news-front.info","googlesyndication.com","AdSense","US"
"news-front.info","googletagmanager.com","Google Tag Manager","US"
"news-front.info","gstatic.com","Google","US"
"news-front.info","luxadv.com","",""
"news-front.info","moatads.com","Moat","US"
"news-front.info","yadro.ru","Yadro","RU"
"news-front.info","yandex.ru","Yandex","RU"
"ngo-online.de","2mdn.net","DoubleClick","US"
"ngo-online.de","addthis.com","AddThis","US"
"ngo-online.de","adingo.jp","Fluct","JP"
"ngo-online.de","adkernel.com","",""
"ngo-online.de","adsafeprotected.com","Integral Ad Science","US"
"ngo-online.de","agkn.com","Neustar Marketing","US"
"ngo-online.de","appier.net","Appier","TW"
"ngo-online.de","casalemedia.com","Index Exchange","CA"
"ngo-online.de","doubleclick.net","DoubleClick","US"
"ngo-online.de","gemius.pl","Gemius","PL"
"ngo-online.de","google-analytics.com","Google Analytics","US"
"ngo-online.de","google.ch","Google","US"
"ngo-online.de","google.com","Google","US"
"ngo-online.de","googleadservices.com","AdSense","US"
"ngo-online.de","googleapis.com","Google APIs","US"
"ngo-online.de","googlesyndication.com","AdSense","US"
"ngo-online.de","googletagmanager.com","Google Tag Manager","US"
"ngo-online.de","googletagservices.com","Google Tag Manager","US"
"ngo-online.de","gstatic.com","Google","US"
"ngo-online.de","innovid.com","Innovid","US"
"ngo-online.de","mookie1.com","Xaxis","US"
"ngo-online.de","openx.net","OpenX","US"
"ngo-online.de","outbrain.com","Outbrain","US"
"ngo-online.de","outbrainimg.com","",""
"ngo-online.de","paypal.com","",""
"ngo-online.de","paypalobjects.com","",""
"ngo-online.de","pubmatic.com","PubMatic","US"
"ngo-online.de","quantserve.com","Quantcast","US"
"ngo-online.de","rlcdn.com","LiveRamp","US"
"ngo-online.de","rubiconproject.com","Rubicon Project","US"
"ngo-online.de","smaato.net","",""
"ngo-online.de","stackadapt.com","",""
"ngo-online.de","tribalfusion.com","Tribal Fusion","US"
"ngo-online.de","walmart.com","Walmart","US"
"ngo-online.de","yahoo.com","Yahoo","US"
"ngo-online.de","zemanta.com","",""
"novo-argumente.com","fonts.net","Fonts.com","US"
"novo-argumente.com","google-analytics.com","Google Analytics","US"
"nrhz.de","google-analytics.com","Google Analytics","US"
"nuoflix.de","b-cdn.net","",""
"nuoflix.de","doubleclick.net","DoubleClick","US"
"nuoflix.de","google-analytics.com","Google Analytics","US"
"nuoflix.de","google.com","Google","US"
"nuoflix.de","googleapis.com","Google APIs","US"
"nuoflix.de","googletagmanager.com","Google Tag Manager","US"
"nuoflix.de","gstatic.com","Google","US"
"nuoflix.de","nuoviso.tv","",""
"perspective-daily.de","imgix.net","Imgix","US"
"perspective-daily.de","perspective-daily.com","",""
"peymani.de","bod.com","",""
"peymani.de","bod.de","",""
"peymani.de","facebook.com","Facebook","US"
"peymani.de","facebook.net","Facebook","US"
"peymani.de","fbcdn.net","Facebook","US"
"peymani.de","partner-versicherung.de","",""
"peymani.de","paypal.com","",""
"peymani.de","paypalobjects.com","",""
"peymani.de","wp.com","Wordpress","US"
"philosophia-perennis.com","doubleclick.net","DoubleClick","US"
"philosophia-perennis.com","google-analytics.com","Google Analytics","US"
"philosophia-perennis.com","google.ch","Google","US"
"philosophia-perennis.com","google.com","Google","US"
"philosophia-perennis.com","googletagmanager.com","Google Tag Manager","US"
"philosophia-perennis.com","gravatar.com","Gravatar","US"
"philosophia-perennis.com","onesignal.com","",""
"philosophia-perennis.com","wp.com","Wordpress","US"
"pi-news.net","ad.style","",""
"pi-news.net","adspect.de","",""
"pi-news.net","adsrvr.org","The Trade Desk","US"
"pi-news.net","bootstrapcdn.com","StackPath","US"
"pi-news.net","doubleclick.net","DoubleClick","US"
"pi-news.net","fwmrm.net","FreeWheel","US"
"pi-news.net","google-analytics.com","Google Analytics","US"
"pi-news.net","google.com","Google","US"
"pi-news.net","googleapis.com","Google APIs","US"
"pi-news.net","gstatic.com","Google","US"
"pi-news.net","laptops-fair.de","",""
"pi-news.net","mmnews.de","",""
"pi-news.net","pubtagmanager.com","",""
"pi-news.net","sendpulse.com","",""
"pi-news.net","stickyadstv.com","StickyADS.tv","US"
"pi-news.net","vidoomy.com","",""
"politikstube.com","ad.style","",""
"politikstube.com","doubleclick.net","DoubleClick","US"
"politikstube.com","google-analytics.com","Google Analytics","US"
"politikstube.com","google.ch","Google","US"
"politikstube.com","google.com","Google","US"
"politikstube.com","googleadservices.com","AdSense","US"
"politikstube.com","googleapis.com","Google APIs","US"
"politikstube.com","googlesyndication.com","AdSense","US"
"politikstube.com","gstatic.com","Google","US"
"politikstube.com","pubtagmanager.com","",""
"politikstube.com","truepush.com","",""
"politikversagen.net","google-analytics.com","Google Analytics","US"
"politnews.org","apolut.net","",""
"politnews.org","awin1.com","AWIN","DE"
"politnews.org","b37mrtl.ru","",""
"politnews.org","casalemedia.com","Index Exchange","CA"
"politnews.org","conrad.ch","",""
"politnews.org","doubleclick.net","DoubleClick","US"
"politnews.org","gab.com","",""
"politnews.org","google.ch","Google","US"
"politnews.org","google.com","Google","US"
"politnews.org","googleadservices.com","AdSense","US"
"politnews.org","googleapis.com","Google APIs","US"
"politnews.org","googlesyndication.com","AdSense","US"
"politnews.org","googletagservices.com","Google Tag Manager","US"
"politnews.org","gstatic.com","Google","US"
"politnews.org","jsdelivr.net","jsDelivr","US"
"politnews.org","jungefreiheit.de","",""
"politnews.org","latina-press.com","",""
"politnews.org","nachdenkseiten.de","",""
"politnews.org","odycdn.com","",""
"politnews.org","philosophia-perennis.com","",""
"politnews.org","politikstube.com","",""
"politnews.org","redintelligence.net","",""
"politnews.org","wp.com","Wordpress","US"
"politnews.org","ytimg.com","YouTube","US"
"politonline.ch","googlesyndication.com","AdSense","US"
"pravda-tv.com","1rx.io","Blinkx","US"
"pravda-tv.com","33across.com","33Across","US"
"pravda-tv.com","360yield.com","Improve Digital","NL"
"pravda-tv.com","4dex.io","",""
"pravda-tv.com","a-mo.net","",""
"pravda-tv.com","ad-score.com","",""
"pravda-tv.com","ad.gt","",""
"pravda-tv.com","ad.style","",""
"pravda-tv.com","adcropper.com","",""
"pravda-tv.com","adform.net","AdForm","DK"
"pravda-tv.com","adgrx.com","AdGear","CA"
"pravda-tv.com","adition.com","Adition Technologies","DE"
"pravda-tv.com","adleadevent.com","",""
"pravda-tv.com","adnxs.com","Xandr","US"
"pravda-tv.com","adsrvr.org","The Trade Desk","US"
"pravda-tv.com","advertising.com","ONE by Aol","US"
"pravda-tv.com","agkn.com","Neustar Marketing","US"
"pravda-tv.com","amazon-adsystem.com","Amazon Marketing Services","US"
"pravda-tv.com","audrte.com","",""
"pravda-tv.com","ayads.co","",""
"pravda-tv.com","bannerflow.net","",""
"pravda-tv.com","bidr.io","Beeswax","US"
"pravda-tv.com","bidswitch.net","Bidswitch","US"
"pravda-tv.com","bidtheatre.com","Bidtheatre","SE"
"pravda-tv.com","bluekai.com","Oracle Blue Kai","US"
"pravda-tv.com","brainlyads.com","",""
"pravda-tv.com","casalemedia.com","Index Exchange","CA"
"pravda-tv.com","cloudfront.net","Amazon","US"
"pravda-tv.com","connectad.io","",""
"pravda-tv.com","consensu.org","IAB Europe","BE"
"pravda-tv.com","contextweb.com","PulsePoint","US"
"pravda-tv.com","cookieless-data.com","",""
"pravda-tv.com","cpx.to","Avocet","UK"
"pravda-tv.com","creative-serving.com","",""
"pravda-tv.com","creativecdn.com","",""
"pravda-tv.com","criteo.com","Criteo","FR"
"pravda-tv.com","criteo.net","Criteo","FR"
"pravda-tv.com","crwdcntrl.net","Lotame","US"
"pravda-tv.com","cryptobrowser.site","",""
"pravda-tv.com","cryptobrowser.store","",""
"pravda-tv.com","ctnsnet.com","Crimtan","UK"
"pravda-tv.com","de17a.com","",""
"pravda-tv.com","demdex.net","Adobe Audience Manager","US"
"pravda-tv.com","dotomi.com","Dotomi","US"
"pravda-tv.com","doubleclick.net","DoubleClick","US"
"pravda-tv.com","e-planning.net","",""
"pravda-tv.com","erne.co","",""
"pravda-tv.com","eu-1-id5-sync.com","",""
"pravda-tv.com","everesttech.net","Adobe Experience Cloud","US"
"pravda-tv.com","exelator.com","exelate","US"
"pravda-tv.com","facebook.com","Facebook","US"
"pravda-tv.com","facebook.net","Facebook","US"
"pravda-tv.com","fiftyt.com","Fifty Technology","UK"
"pravda-tv.com","fwmrm.net","FreeWheel","US"
"pravda-tv.com","google-analytics.com","Google Analytics","US"
"pravda-tv.com","google.ch","Google","US"
"pravda-tv.com","google.com","Google","US"
"pravda-tv.com","googleadservices.com","AdSense","US"
"pravda-tv.com","googleapis.com","Google APIs","US"
"pravda-tv.com","googlesyndication.com","AdSense","US"
"pravda-tv.com","gstatic.com","Google","US"
"pravda-tv.com","hadronid.net","",""
"pravda-tv.com","id5-sync.com","ID5 Technology","UK"
"pravda-tv.com","imrworldwide.com","Nielsen Online","US"
"pravda-tv.com","iprom.net","",""
"pravda-tv.com","krxd.net","Salesforce DMP","US"
"pravda-tv.com","leadplace.fr","",""
"pravda-tv.com","liadm.com","LiveIntent","US"
"pravda-tv.com","lijit.com","Sovrn","US"
"pravda-tv.com","linkedin.com","LinkedIn","US"
"pravda-tv.com","loopme.me","Loopme","UK"
"pravda-tv.com","mathtag.com","Media Math","US"
"pravda-tv.com","mookie1.com","Xaxis","US"
"pravda-tv.com","nrich.ai","",""
"pravda-tv.com","omnitagjs.com","ADYOULIKE","US"
"pravda-tv.com","onaudience.com","OnAudience","UK"
"pravda-tv.com","onetag-sys.com","",""
"pravda-tv.com","openx.net","OpenX","US"
"pravda-tv.com","outbrain.com","Outbrain","US"
"pravda-tv.com","outbrainimg.com","",""
"pravda-tv.com","paypal.com","",""
"pravda-tv.com","paypalobjects.com","",""
"pravda-tv.com","playground.xyz","",""
"pravda-tv.com","powerad.ai","",""
"pravda-tv.com","pubmatic.com","PubMatic","US"
"pravda-tv.com","pubtagmanager.com","",""
"pravda-tv.com","quantcast.com","Quantcast","US"
"pravda-tv.com","quantcount.com","Quantcast","US"
"pravda-tv.com","quantserve.com","Quantcast","US"
"pravda-tv.com","rfihub.com","Rocketfuel","US"
"pravda-tv.com","richaudience.com","",""
"pravda-tv.com","rlcdn.com","LiveRamp","US"
"pravda-tv.com","rqtrk.eu","",""
"pravda-tv.com","rubiconproject.com","Rubicon Project","US"
"pravda-tv.com","sascdn.com","Smart AdServer","FR"
"pravda-tv.com","sddan.com","",""
"pravda-tv.com","semasio.net","Semasio","DE"
"pravda-tv.com","sharethrough.com","Sharethrough","US"
"pravda-tv.com","simpli.fi","simpli.fi","US"
"pravda-tv.com","sitescout.com","SiteScout","US"
"pravda-tv.com","smartadserver.com","Smart AdServer","FR"
"pravda-tv.com","smilewanted.com","",""
"pravda-tv.com","splicky.com","",""
"pravda-tv.com","sportradarserving.com","",""
"pravda-tv.com","stackadapt.com","",""
"pravda-tv.com","stickyadstv.com","StickyADS.tv","US"
"pravda-tv.com","taboola.com","Taboola","US"
"pravda-tv.com","tapad.com","TapAd","US"
"pravda-tv.com","themoneytizer.com","",""
"pravda-tv.com","tidaltv.com","Videology Group","US"
"pravda-tv.com","tmyzer.com","",""
"pravda-tv.com","tribalfusion.com","Tribal Fusion","US"
"pravda-tv.com","truffle.bid","",""
"pravda-tv.com","turn.com","Turn","US"
"pravda-tv.com","unrulymedia.com","Unruly","UK"
"pravda-tv.com","vidoomy.com","",""
"pravda-tv.com","vitaminum.net","",""
"pravda-tv.com","weborama.fr","Weborama","FR"
"pravda-tv.com","widespace.com","",""
"pravda-tv.com","wp.com","Wordpress","US"
"pravda-tv.com","yahoo.com","Yahoo","US"
"pravda-tv.com","zemanta.com","",""
"pravda-tv.com","zeotap.com","Zeotap","DE"
"pravda-tv.com","zprk.io","",""
"pressecop24.com","1rx.io","Blinkx","US"
"pressecop24.com","2mdn.net","DoubleClick","US"
"pressecop24.com","33across.com","33Across","US"
"pressecop24.com","360yield.com","Improve Digital","NL"
"pressecop24.com","3lift.com","TripleLift","US"
"pressecop24.com","4dex.io","",""
"pressecop24.com","a-mo.net","",""
"pressecop24.com","ad4m.at","",""
"pressecop24.com","adform.net","AdForm","DK"
"pressecop24.com","adgrx.com","AdGear","CA"
"pressecop24.com","adhigh.net","GetIntent","US"
"pressecop24.com","adition.com","Adition Technologies","DE"
"pressecop24.com","adleadevent.com","",""
"pressecop24.com","admedo.com","",""
"pressecop24.com","adnxs-simple.com","",""
"pressecop24.com","adnxs.com","Xandr","US"
"pressecop24.com","adsafety.net","",""
"pressecop24.com","adsrvr.org","The Trade Desk","US"
"pressecop24.com","advangelists.com","",""
"pressecop24.com","agkn.com","Neustar Marketing","US"
"pressecop24.com","aidata.io","",""
"pressecop24.com","amazon-adsystem.com","Amazon Marketing Services","US"
"pressecop24.com","andbeyond.media","",""
"pressecop24.com","audrte.com","",""
"pressecop24.com","avct.cloud","",""
"pressecop24.com","betweendigital.com","",""
"pressecop24.com","bidr.io","Beeswax","US"
"pressecop24.com","bidswitch.net","Bidswitch","US"
"pressecop24.com","bidtheatre.com","Bidtheatre","SE"
"pressecop24.com","bluekai.com","Oracle Blue Kai","US"
"pressecop24.com","bnmla.com","",""
"pressecop24.com","bumlam.com","",""
"pressecop24.com","casalemedia.com","Index Exchange","CA"
"pressecop24.com","cloudfront.net","Amazon","US"
"pressecop24.com","company-target.com","Demandbase","US"
"pressecop24.com","connectad.io","",""
"pressecop24.com","contextweb.com","PulsePoint","US"
"pressecop24.com","cpx.to","Avocet","UK"
"pressecop24.com","creative-serving.com","",""
"pressecop24.com","creativecdn.com","",""
"pressecop24.com","criteo.com","Criteo","FR"
"pressecop24.com","criteo.net","Criteo","FR"
"pressecop24.com","crwdcntrl.net","Lotame","US"
"pressecop24.com","ctnsnet.com","Crimtan","UK"
"pressecop24.com","de17a.com","",""
"pressecop24.com","deepintent.com","DeepIntent","US"
"pressecop24.com","demdex.net","Adobe Audience Manager","US"
"pressecop24.com","digitaleast.mobi","",""
"pressecop24.com","disqus.com","Disqus","US"
"pressecop24.com","dotomi.com","Dotomi","US"
"pressecop24.com","doubleclick.net","DoubleClick","US"
"pressecop24.com","dyntrk.com","Dynadmic","FR"
"pressecop24.com","e-planning.net","",""
"pressecop24.com","emxdgt.com","Engine Media Exchange","US"
"pressecop24.com","erne.co","",""
"pressecop24.com","eu-1-id5-sync.com","",""
"pressecop24.com","everesttech.net","Adobe Experience Cloud","US"
"pressecop24.com","exelator.com","exelate","US"
"pressecop24.com","fiftyt.com","Fifty Technology","UK"
"pressecop24.com","fwmrm.net","FreeWheel","US"
"pressecop24.com","goldsilbershop.de","",""
"pressecop24.com","google.com","Google","US"
"pressecop24.com","googleapis.com","Google APIs","US"
"pressecop24.com","googlesyndication.com","AdSense","US"
"pressecop24.com","googletagservices.com","Google Tag Manager","US"
"pressecop24.com","gstatic.com","Google","US"
"pressecop24.com","gumgum.com","Gumgum","US"
"pressecop24.com","id5-sync.com","ID5 Technology","UK"
"pressecop24.com","imrworldwide.com","Nielsen Online","US"
"pressecop24.com","inmobi.com","Inmobi","IN"
"pressecop24.com","ipredictive.com","",""
"pressecop24.com","iprom.net","",""
"pressecop24.com","iqzone.com","",""
"pressecop24.com","krxd.net","Salesforce DMP","US"
"pressecop24.com","leadplace.fr","",""
"pressecop24.com","lijit.com","Sovrn","US"
"pressecop24.com","linkedin.com","LinkedIn","US"
"pressecop24.com","loopme.me","Loopme","UK"
"pressecop24.com","mathtag.com","Media Math","US"
"pressecop24.com","media.net","Media.net","US"
"pressecop24.com","minutemedia-prebid.com","",""
"pressecop24.com","mookie1.com","Xaxis","US"
"pressecop24.com","omnitagjs.com","ADYOULIKE","US"
"pressecop24.com","onaudience.com","OnAudience","UK"
"pressecop24.com","onetag-sys.com","",""
"pressecop24.com","openx.net","OpenX","US"
"pressecop24.com","opera.com","",""
"pressecop24.com","otm-r.com","",""
"pressecop24.com","outbrain.com","Outbrain","US"
"pressecop24.com","paypalobjects.com","",""
"pressecop24.com","playground.xyz","",""
"pressecop24.com","pubmatic.com","PubMatic","US"
"pressecop24.com","pubmine.com","",""
"pressecop24.com","quantcast.com","Quantcast","US"
"pressecop24.com","quantcount.com","Quantcast","US"
"pressecop24.com","quantserve.com","Quantcast","US"
"pressecop24.com","rfihub.com","Rocketfuel","US"
"pressecop24.com","richaudience.com","",""
"pressecop24.com","rlcdn.com","LiveRamp","US"
"pressecop24.com","rqtrk.eu","",""
"pressecop24.com","rubiconproject.com","Rubicon Project","US"
"pressecop24.com","sascdn.com","Smart AdServer","FR"
"pressecop24.com","scoota.co","",""
"pressecop24.com","sddan.com","",""
"pressecop24.com","semasio.net","Semasio","DE"
"pressecop24.com","servenobid.com","",""
"pressecop24.com","serverbid.com","",""
"pressecop24.com","sharethrough.com","Sharethrough","US"
"pressecop24.com","simpli.fi","simpli.fi","US"
"pressecop24.com","sitescout.com","SiteScout","US"
"pressecop24.com","smaato.net","",""
"pressecop24.com","smartadserver.com","Smart AdServer","FR"
"pressecop24.com","smartstream.tv","",""
"pressecop24.com","smilewanted.com","",""
"pressecop24.com","smrtb.com","",""
"pressecop24.com","socdm.com","",""
"pressecop24.com","sonobi.com","Sonobi","US"
"pressecop24.com","sportradarserving.com","",""
"pressecop24.com","stackadapt.com","",""
"pressecop24.com","stickyadstv.com","StickyADS.tv","US"
"pressecop24.com","taboola.com","Taboola","US"
"pressecop24.com","tapad.com","TapAd","US"
"pressecop24.com","taptapnetworks.com","",""
"pressecop24.com","teads.tv","Teads","US"
"pressecop24.com","technoratimedia.com","",""
"pressecop24.com","telegram-cdn.org","",""
"pressecop24.com","telegram.org","",""
"pressecop24.com","themoneytizer.com","",""
"pressecop24.com","tidaltv.com","Videology Group","US"
"pressecop24.com","tmyzer.com","",""
"pressecop24.com","tns-counter.ru","EDFACT","RU"
"pressecop24.com","toast.com","",""
"pressecop24.com","tremorhub.com","Tremor Video","US"
"pressecop24.com","tribalfusion.com","Tribal Fusion","US"
"pressecop24.com","truffle.bid","",""
"pressecop24.com","turn.com","Turn","US"
"pressecop24.com","tynt.com","33Across","US"
"pressecop24.com","videobyte.com","",""
"pressecop24.com","w55c.net","DataXu","US"
"pressecop24.com","weborama.fr","Weborama","FR"
"pressecop24.com","wetter.com","",""
"pressecop24.com","wettercomassets.com","",""
"pressecop24.com","widespace.com","",""
"pressecop24.com","wp.com","Wordpress","US"
"pressecop24.com","yahoo.com","Yahoo","US"
"pressecop24.com","yandex.ru","Yandex","RU"
"pressecop24.com","zemanta.com","",""
"pressecop24.com","zeotap.com","Zeotap","DE"
"propagandafront.de","bloggerei.de","",""
"propagandafront.de","doubleclick.net","DoubleClick","US"
"propagandafront.de","google.ch","Google","US"
"propagandafront.de","google.com","Google","US"
"propagandafront.de","googleadservices.com","AdSense","US"
"propagandafront.de","googlesyndication.com","AdSense","US"
"propagandafront.de","gstatic.com","Google","US"
"publicomag.com","google-analytics.com","Google Analytics","US"
"publicomag.com","googletagmanager.com","Google Tag Manager","US"
"qpress.de","cloudfront.net","Amazon","US"
"qpress.de","doubleclick.net","DoubleClick","US"
"qpress.de","ecomm.events","",""
"qpress.de","ecwid.com","",""
"qpress.de","facebook.net","Facebook","US"
"qpress.de","ggpht.com","Google","US"
"qpress.de","google-analytics.com","Google Analytics","US"
"qpress.de","google.ch","Google","US"
"qpress.de","google.com","Google","US"
"qpress.de","googleadservices.com","AdSense","US"
"qpress.de","googleapis.com","Google APIs","US"
"qpress.de","googlesyndication.com","AdSense","US"
"qpress.de","googletagmanager.com","Google Tag Manager","US"
"qpress.de","gravatar.com","Gravatar","US"
"qpress.de","gstatic.com","Google","US"
"qpress.de","histats.com","HiStats","IT"
"qpress.de","paypal.com","",""
"qpress.de","paypalobjects.com","",""
"qpress.de","responsivevoice.org","",""
"qpress.de","w.org","Wordpress","US"
"qpress.de","webpushr.com","",""
"qpress.de","wp.com","Wordpress","US"
"qpress.de","youtube.com","YouTube","US"
"qpress.de","ytimg.com","YouTube","US"
"radio-utopie.de","2mdn.net","DoubleClick","US"
"radio-utopie.de","doubleclick.net","DoubleClick","US"
"radio-utopie.de","google-analytics.com","Google Analytics","US"
"radio-utopie.de","google.ch","Google","US"
"radio-utopie.de","google.com","Google","US"
"radio-utopie.de","googleapis.com","Google APIs","US"
"radio-utopie.de","googlesyndication.com","AdSense","US"
"radio-utopie.de","rmbl.ws","",""
"radio-utopie.de","rumble.com","",""
"republik.ch","project-r.construction","",""
"republik.ch","repub.ch","",""
"rf-news.de","typekit.net","Adobe Fonts","US"
"roteanneliese.ch","amazonaws.com","Amazon Web Services","US"
"roteanneliese.ch","cloudflareinsights.com","",""
"roteanneliese.ch","donorbox.org","",""
"roteanneliese.ch","facebook.com","Facebook","US"
"roteanneliese.ch","facebook.net","Facebook","US"
"roteanneliese.ch","fbcdn.net","Facebook","US"
"roteanneliese.ch","getmdl.io","",""
"roteanneliese.ch","googleapis.com","Google APIs","US"
"roteanneliese.ch","gstatic.com","Google","US"
"roteanneliese.ch","recaptcha.net","",""
"roteanneliese.ch","stripe.com","",""
"roteanneliese.ch","stripe.network","",""
"rt.com","b37mrtl.ru","",""
"rt.com","doubleclick.net","DoubleClick","US"
"rt.com","facebook.com","Facebook","US"
"rt.com","facebook.net","Facebook","US"
"rt.com","getreplybox.com","",""
"rt.com","google-analytics.com","Google Analytics","US"
"rt.com","google.ch","Google","US"
"rt.com","google.com","Google","US"
"rt.com","googletagmanager.com","Google Tag Manager","US"
"rt.com","gstatic.com","Google","US"
"rt.com","lp4.io","Linkpulse","NO"
"rt.com","mail.ru","Mail.Ru Group","RU"
"rt.com","mycdn.me","",""
"rt.com","pingdom.net","",""
"rt.com","russiatoday.com","",""
"rt.com","scorecardresearch.com","ScorecardResearch","US"
"rt.com","taboola.com","Taboola","US"
"rt.com","vk.com","Vkontakte","RU"
"rt.com","yandex.ru","Yandex","RU"
"rt.com","yastatic.net","",""
"scharf-links.de","amazon-adsystem.com","Amazon Marketing Services","US"
"scharf-links.de","amazon.de","",""
"scharf-links.de","assoc-amazon.com","",""
"scharf-links.de","media-amazon.com","Amazon","US"
"schweizerzeit.ch","google-analytics.com","Google Analytics","US"
"schweizerzeit.ch","googleapis.com","Google APIs","US"
"schweizerzeit.ch","googletagmanager.com","Google Tag Manager","US"
"schweizerzeit.ch","gstatic.com","Google","US"
"sezession.de","cloudflareinsights.com","",""
"sezession.de","google.com","Google","US"
"sezession.de","grimmhold.de","",""
"sezession.de","gstatic.com","Google","US"
"sott.net","doubleclick.net","DoubleClick","US"
"sott.net","facebook.com","Facebook","US"
"sott.net","facebook.net","Facebook","US"
"sott.net","ggpht.com","Google","US"
"sott.net","google.com","Google","US"
"sott.net","googleapis.com","Google APIs","US"
"sott.net","gstatic.com","Google","US"
"sott.net","yandex.ru","Yandex","RU"
"sott.net","youtube.com","YouTube","US"
"sott.net","ytimg.com","YouTube","US"
"tagesstimme.com","google-analytics.com","Google Analytics","US"
"tagesstimme.com","googletagmanager.com","Google Tag Manager","US"
"tagesstimme.com","twitter.com","Twitter","US"
"tagesstimme.com","typekit.net","Adobe Fonts","US"
"tagnews.de","2mdn.net","DoubleClick","US"
"tagnews.de","addthis.com","AddThis","US"
"tagnews.de","adingo.jp","Fluct","JP"
"tagnews.de","adsrvr.org","The Trade Desk","US"
"tagnews.de","agkn.com","Neustar Marketing","US"
"tagnews.de","casalemedia.com","Index Exchange","CA"
"tagnews.de","doubleclick.net","DoubleClick","US"
"tagnews.de","gemius.pl","Gemius","PL"
"tagnews.de","geoplugin.net","",""
"tagnews.de","google.ch","Google","US"
"tagnews.de","google.com","Google","US"
"tagnews.de","googleadservices.com","AdSense","US"
"tagnews.de","googleapis.com","Google APIs","US"
"tagnews.de","googlesyndication.com","AdSense","US"
"tagnews.de","googletagservices.com","Google Tag Manager","US"
"tagnews.de","gstatic.com","Google","US"
"tagnews.de","innovid.com","Innovid","US"
"tagnews.de","jsdelivr.net","jsDelivr","US"
"tagnews.de","loopme.me","Loopme","UK"
"tagnews.de","media.net","Media.net","US"
"tagnews.de","mookie1.com","Xaxis","US"
"tagnews.de","openx.net","OpenX","US"
"tagnews.de","pubmatic.com","PubMatic","US"
"tagnews.de","quantserve.com","Quantcast","US"
"tagnews.de","rfihub.com","Rocketfuel","US"
"tagnews.de","rlcdn.com","LiveRamp","US"
"tagnews.de","rubiconproject.com","Rubicon Project","US"
"tagnews.de","walmart.com","Walmart","US"
"terra-kurier.de","vcounter.de","",""
"theeuropean.de","adform.net","AdForm","DK"
"theeuropean.de","adnxs.com","Xandr","US"
"theeuropean.de","adscale.de","AdScale","DE"
"theeuropean.de","adsrvr.org","The Trade Desk","US"
"theeuropean.de","amazonaws.com","Amazon Web Services","US"
"theeuropean.de","cloudflare.com","Cloudflare","US"
"theeuropean.de","doubleclick.net","DoubleClick","US"
"theeuropean.de","emailsys1a.net","",""
"theeuropean.de","facebook.net","Facebook","US"
"theeuropean.de","google-analytics.com","Google Analytics","US"
"theeuropean.de","google.ch","Google","US"
"theeuropean.de","google.com","Google","US"
"theeuropean.de","googleapis.com","Google APIs","US"
"theeuropean.de","googletagservices.com","Google Tag Manager","US"
"theeuropean.de","gstatic.com","Google","US"
"theeuropean.de","jsdelivr.net","jsDelivr","US"
"theeuropean.de","mathtag.com","Media Math","US"
"theeuropean.de","openx.net","OpenX","US"
"theeuropean.de","privacy-mgmt.com","",""
"theeuropean.de","quantserve.com","Quantcast","US"
"theeuropean.de","yieldlove-ad-serving.net","",""
"theeuropean.de","yieldlove.com","",""
"theintelligence.de","1rx.io","Blinkx","US"
"theintelligence.de","4dex.io","",""
"theintelligence.de","adleadevent.com","",""
"theintelligence.de","adnxs.com","Xandr","US"
"theintelligence.de","adsrvr.org","The Trade Desk","US"
"theintelligence.de","amazon-adsystem.com","Amazon Marketing Services","US"
"theintelligence.de","aniview.com","",""
"theintelligence.de","bidswitch.net","Bidswitch","US"
"theintelligence.de","cloudfront.net","Amazon","US"
"theintelligence.de","cpx.to","Avocet","UK"
"theintelligence.de","criteo.com","Criteo","FR"
"theintelligence.de","doubleclick.net","DoubleClick","US"
"theintelligence.de","eu-1-id5-sync.com","",""
"theintelligence.de","google-analytics.com","Google Analytics","US"
"theintelligence.de","googleapis.com","Google APIs","US"
"theintelligence.de","gstatic.com","Google","US"
"theintelligence.de","id5-sync.com","ID5 Technology","UK"
"theintelligence.de","leadplace.fr","",""
"theintelligence.de","mathtag.com","Media Math","US"
"theintelligence.de","onetag-sys.com","",""
"theintelligence.de","pubmatic.com","PubMatic","US"
"theintelligence.de","quantcount.com","Quantcast","US"
"theintelligence.de","quantserve.com","Quantcast","US"
"theintelligence.de","rlcdn.com","LiveRamp","US"
"theintelligence.de","rqtrk.eu","",""
"theintelligence.de","rubiconproject.com","Rubicon Project","US"
"theintelligence.de","sascdn.com","Smart AdServer","FR"
"theintelligence.de","sddan.com","",""
"theintelligence.de","smartadserver.com","Smart AdServer","FR"
"theintelligence.de","themoneytizer.com","",""
"theintelligence.de","tmyzer.com","",""
"theintelligence.de","unrulymedia.com","Unruly","UK"
"theintelligence.de","unrulyvideo.com","",""
"theintelligence.de","yahoo.com","Yahoo","US"
"theintelligence.de","zeotap.com","Zeotap","DE"
"tichyseinblick.de","adform.net","AdForm","DK"
"tichyseinblick.de","adnxs.com","Xandr","US"
"tichyseinblick.de","adsrvr.org","The Trade Desk","US"
"tichyseinblick.de","amazon-adsystem.com","Amazon Marketing Services","US"
"tichyseinblick.de","confiant-integrations.net","",""
"tichyseinblick.de","doubleclick.net","DoubleClick","US"
"tichyseinblick.de","google-analytics.com","Google Analytics","US"
"tichyseinblick.de","googleapis.com","Google APIs","US"
"tichyseinblick.de","googletagmanager.com","Google Tag Manager","US"
"tichyseinblick.de","googletagservices.com","Google Tag Manager","US"
"tichyseinblick.de","ioam.de","INFOnline","DE"
"tichyseinblick.de","jsdelivr.net","jsDelivr","US"
"tichyseinblick.de","linkedin.com","LinkedIn","US"
"tichyseinblick.de","mathtag.com","Media Math","US"
"tichyseinblick.de","openx.net","OpenX","US"
"tichyseinblick.de","printfriendly.com","",""
"tichyseinblick.de","privacy-mgmt.com","",""
"tichyseinblick.de","quantserve.com","Quantcast","US"
"tichyseinblick.de","rubiconproject.com","Rubicon Project","US"
"tichyseinblick.de","smartadserver.com","Smart AdServer","FR"
"tichyseinblick.de","spotxchange.com","Spot X Change","US"
"tichyseinblick.de","taboola.com","Taboola","US"
"tichyseinblick.de","tremorhub.com","Tremor Video","US"
"tichyseinblick.de","xing-share.com","",""
"tichyseinblick.de","yahoo.com","Yahoo","US"
"tichyseinblick.de","yieldlove-ad-serving.net","",""
"tichyseinblick.de","yieldlove.com","",""
"topzeitung.com","googleapis.com","Google APIs","US"
"topzeitung.com","gstatic.com","Google","US"
"topzeitung.com","youtube.com","YouTube","US"
"truth24.net","abendzeitung-muenchen.de","",""
"truth24.net","addtoany.com","",""
"truth24.net","bild.de","",""
"truth24.net","bz-berlin.de","",""
"truth24.net","doubleclick.net","DoubleClick","US"
"truth24.net","facebook.com","Facebook","US"
"truth24.net","facebook.net","Facebook","US"
"truth24.net","fbcdn.net","Facebook","US"
"truth24.net","ggpht.com","Google","US"
"truth24.net","google-analytics.com","Google Analytics","US"
"truth24.net","google.ch","Google","US"
"truth24.net","google.com","Google","US"
"truth24.net","googleadservices.com","AdSense","US"
"truth24.net","googleapis.com","Google APIs","US"
"truth24.net","googlesyndication.com","AdSense","US"
"truth24.net","gstatic.com","Google","US"
"truth24.net","jungefreiheit.de","",""
"truth24.net","twimg.com","Twitter","US"
"truth24.net","twitter.com","Twitter","US"
"truth24.net","welt.de","",""
"truth24.net","youtube.com","YouTube","US"
"truth24.net","ytimg.com","YouTube","US"
"uebermedien.de","steadycdn.com","",""
"uebermedien.de","steadyhq.com","",""
"un-vogtland.de","bootstrapcdn.com","StackPath","US"
"uncutnews.ch","googleapis.com","Google APIs","US"
"uncutnews.ch","gstatic.com","Google","US"
"uncutnews.ch","t.me","",""
"uncutnews.ch","telegram-cdn.org","",""
"uncutnews.ch","telegram.org","",""
"uncutnews.ch","tg.dev","",""
"uncutnews.ch","twimg.com","Twitter","US"
"uncutnews.ch","twitter.com","Twitter","US"
"uncutnews.ch","wikimedia.org","Wikimedia Foundation","US"
"uncutnews.ch","wp.com","Wordpress","US"
"unser-mitteleuropa.com","facebook.net","Facebook","US"
"unser-mitteleuropa.com","google.com","Google","US"
"unser-mitteleuropa.com","googleapis.com","Google APIs","US"
"unser-mitteleuropa.com","gstatic.com","Google","US"
"unser-mitteleuropa.com","mailerlite.com","",""
"unser-mitteleuropa.com","statcounter.com","Statcounter","IE"
"unser-mitteleuropa.com","wp.com","Wordpress","US"
"unsere-zeitung.at","addtoany.com","",""
"unsere-zeitung.at","blogheim.at","",""
"unsere-zeitung.at","doubleclick.net","DoubleClick","US"
"unsere-zeitung.at","ggpht.com","Google","US"
"unsere-zeitung.at","google.com","Google","US"
"unsere-zeitung.at","googleapis.com","Google APIs","US"
"unsere-zeitung.at","googlevideo.com","Google Video","US"
"unsere-zeitung.at","gstatic.com","Google","US"
"unsere-zeitung.at","ots.at","",""
"unsere-zeitung.at","youtube.com","YouTube","US"
"unsere-zeitung.at","ytimg.com","YouTube","US"
"unzensuriert.at","onesignal.com","",""
"unzensuriert.at","youtube.com","YouTube","US"
"unzensuriert.at","ytimg.com","YouTube","US"
"unzensuriert.de","onesignal.com","",""
"unzensuriert.de","unzensuriert.at","",""
"unzensuriert.de","youtube.com","YouTube","US"
"wakenews.net","googleapis.com","Google APIs","US"
"wakenews.net","gstatic.com","Google","US"
"wakenews.net","happy-school.de","",""
"wakenews.net","wakenews.tv","",""
"welt-im-wandel.tv","adingo.jp","Fluct","JP"
"welt-im-wandel.tv","agkn.com","Neustar Marketing","US"
"welt-im-wandel.tv","bootstrapcdn.com","StackPath","US"
"welt-im-wandel.tv","casalemedia.com","Index Exchange","CA"
"welt-im-wandel.tv","doubleclick.net","DoubleClick","US"
"welt-im-wandel.tv","fontawesome.com","Fonticons","US"
"welt-im-wandel.tv","google-analytics.com","Google Analytics","US"
"welt-im-wandel.tv","google.ch","Google","US"
"welt-im-wandel.tv","google.com","Google","US"
"welt-im-wandel.tv","googleadservices.com","AdSense","US"
"welt-im-wandel.tv","googleapis.com","Google APIs","US"
"welt-im-wandel.tv","googlesyndication.com","AdSense","US"
"welt-im-wandel.tv","googletagservices.com","Google Tag Manager","US"
"welt-im-wandel.tv","gstatic.com","Google","US"
"welt-im-wandel.tv","innovid.com","Innovid","US"
"welt-im-wandel.tv","jquery.com","JS Foundation","US"
"welt-im-wandel.tv","mailerlite.com","",""
"welt-im-wandel.tv","mlcdn.com","",""
"welt-im-wandel.tv","mookie1.com","Xaxis","US"
"welt-im-wandel.tv","openx.net","OpenX","US"
"welt-im-wandel.tv","pubmatic.com","PubMatic","US"
"welt-im-wandel.tv","quantserve.com","Quantcast","US"
"welt-im-wandel.tv","rlcdn.com","LiveRamp","US"
"welt-im-wandel.tv","rubiconproject.com","Rubicon Project","US"
"welt-im-wandel.tv","usercentrics.eu","",""
"weltnetz.tv","deepseatools.de","",""
"weltnetz.tv","fontawesome.com","Fonticons","US"
"weltnetz.tv","jsdelivr.net","jsDelivr","US"
"weltwoche.ch","addtoany.com","",""
"weltwoche.ch","adnxs.com","Xandr","US"
"weltwoche.ch","adnz.co","",""
"weltwoche.ch","app-us1.com","",""
"weltwoche.ch","casalemedia.com","Index Exchange","CA"
"weltwoche.ch","cxense.com","Cxense","NO"
"weltwoche.ch","doubleclick.net","DoubleClick","US"
"weltwoche.ch","facebook.com","Facebook","US"
"weltwoche.ch","facebook.net","Facebook","US"
"weltwoche.ch","google-analytics.com","Google Analytics","US"
"weltwoche.ch","google.ch","Google","US"
"weltwoche.ch","google.com","Google","US"
"weltwoche.ch","googletagmanager.com","Google Tag Manager","US"
"weltwoche.ch","jwplayer.com","Longtail Ad Solutions","US"
"weltwoche.ch","ubembed.com","",""
"weltwoche.ch","youtube.com","YouTube","US"
"wochenblick.at","1rx.io","Blinkx","US"
"wochenblick.at","360yield.com","Improve Digital","NL"
"wochenblick.at","4dex.io","",""
"wochenblick.at","a-mo.net","",""
"wochenblick.at","ad4m.at","",""
"wochenblick.at","adform.net","AdForm","DK"
"wochenblick.at","adgrx.com","AdGear","CA"
"wochenblick.at","adition.com","Adition Technologies","DE"
"wochenblick.at","adleadevent.com","",""
"wochenblick.at","admanmedia.com","",""
"wochenblick.at","admedo.com","",""
"wochenblick.at","adnxs-simple.com","",""
"wochenblick.at","adnxs.com","Xandr","US"
"wochenblick.at","adotmob.com","",""
"wochenblick.at","adpartner.pro","",""
"wochenblick.at","adsrvr.org","The Trade Desk","US"
"wochenblick.at","adtarget.com.tr","",""
"wochenblick.at","adtelligent.com","",""
"wochenblick.at","agkn.com","Neustar Marketing","US"
"wochenblick.at","amazon-adsystem.com","Amazon Marketing Services","US"
"wochenblick.at","audrte.com","",""
"wochenblick.at","bidr.io","Beeswax","US"
"wochenblick.at","bidswitch.net","Bidswitch","US"
"wochenblick.at","bidtheatre.com","Bidtheatre","SE"
"wochenblick.at","bluekai.com","Oracle Blue Kai","US"
"wochenblick.at","casalemedia.com","Index Exchange","CA"
"wochenblick.at","cloudfront.net","Amazon","US"
"wochenblick.at","connectad.io","",""
"wochenblick.at","contextweb.com","PulsePoint","US"
"wochenblick.at","cookieless-data.com","",""
"wochenblick.at","cpx.to","Avocet","UK"
"wochenblick.at","creative-serving.com","",""
"wochenblick.at","creativecdn.com","",""
"wochenblick.at","criteo.com","Criteo","FR"
"wochenblick.at","crwdcntrl.net","Lotame","US"
"wochenblick.at","ctnsnet.com","Crimtan","UK"
"wochenblick.at","de17a.com","",""
"wochenblick.at","deltawelt.ch","",""
"wochenblick.at","demdex.net","Adobe Audience Manager","US"
"wochenblick.at","dotomi.com","Dotomi","US"
"wochenblick.at","doubleclick.net","DoubleClick","US"
"wochenblick.at","e-planning.net","",""
"wochenblick.at","e-volution.ai","",""
"wochenblick.at","erne.co","",""
"wochenblick.at","eu-1-id5-sync.com","",""
"wochenblick.at","everesttech.net","Adobe Experience Cloud","US"
"wochenblick.at","exelator.com","exelate","US"
"wochenblick.at","eyeota.net","Eyeota","SG"
"wochenblick.at","fiftyt.com","Fifty Technology","UK"
"wochenblick.at","fwmrm.net","FreeWheel","US"
"wochenblick.at","google-analytics.com","Google Analytics","US"
"wochenblick.at","google.ch","Google","US"
"wochenblick.at","google.com","Google","US"
"wochenblick.at","googleadservices.com","AdSense","US"
"wochenblick.at","googleapis.com","Google APIs","US"
"wochenblick.at","googlesyndication.com","AdSense","US"
"wochenblick.at","googletagmanager.com","Google Tag Manager","US"
"wochenblick.at","gstatic.com","Google","US"
"wochenblick.at","id5-sync.com","ID5 Technology","UK"
"wochenblick.at","idealmedia.io","",""
"wochenblick.at","imrworldwide.com","Nielsen Online","US"
"wochenblick.at","inmobi.com","Inmobi","IN"
"wochenblick.at","iprom.net","",""
"wochenblick.at","krxd.net","Salesforce DMP","US"
"wochenblick.at","leadplace.fr","",""
"wochenblick.at","lijit.com","Sovrn","US"
"wochenblick.at","linkedin.com","LinkedIn","US"
"wochenblick.at","loginbereich.net","",""
"wochenblick.at","loopme.me","Loopme","UK"
"wochenblick.at","mathtag.com","Media Math","US"
"wochenblick.at","mgid.com","",""
"wochenblick.at","mookie1.com","Xaxis","US"
"wochenblick.at","nrich.ai","",""
"wochenblick.at","omnitagjs.com","ADYOULIKE","US"
"wochenblick.at","onaudience.com","OnAudience","UK"
"wochenblick.at","onesignal.com","",""
"wochenblick.at","onetag-sys.com","",""
"wochenblick.at","openx.net","OpenX","US"
"wochenblick.at","peertube.fr","",""
"wochenblick.at","playground.xyz","",""
"wochenblick.at","pubmatic.com","PubMatic","US"
"wochenblick.at","quantcount.com","Quantcast","US"
"wochenblick.at","quantserve.com","Quantcast","US"
"wochenblick.at","richaudience.com","",""
"wochenblick.at","rlcdn.com","LiveRamp","US"
"wochenblick.at","rqtrk.eu","",""
"wochenblick.at","rtbsystem.org","",""
"wochenblick.at","rubiconproject.com","Rubicon Project","US"
"wochenblick.at","sascdn.com","Smart AdServer","FR"
"wochenblick.at","sddan.com","",""
"wochenblick.at","semasio.net","Semasio","DE"
"wochenblick.at","sharethrough.com","Sharethrough","US"
"wochenblick.at","simpli.fi","simpli.fi","US"
"wochenblick.at","sitescout.com","SiteScout","US"
"wochenblick.at","smartadserver.com","Smart AdServer","FR"
"wochenblick.at","smilewanted.com","",""
"wochenblick.at","spotim.market","",""
"wochenblick.at","spotimmedia.com","",""
"wochenblick.at","spotxchange.com","Spot X Change","US"
"wochenblick.at","springserve.com","SpringServe","US"
"wochenblick.at","stackadapt.com","",""
"wochenblick.at","stickyadstv.com","StickyADS.tv","US"
"wochenblick.at","taboola.com","Taboola","US"
"wochenblick.at","tapad.com","TapAd","US"
"wochenblick.at","themoneytizer.com","",""
"wochenblick.at","tidaltv.com","Videology Group","US"
"wochenblick.at","tmyzer.com","",""
"wochenblick.at","tribalfusion.com","Tribal Fusion","US"
"wochenblick.at","truffle.bid","",""
"wochenblick.at","turn.com","Turn","US"
"wochenblick.at","tynt.com","33Across","US"
"wochenblick.at","vidoomy.com","",""
"wochenblick.at","weborama.fr","Weborama","FR"
"wochenblick.at","widespace.com","",""
"wochenblick.at","yahoo.com","Yahoo","US"
"wochenblick.at","yandex.ru","Yandex","RU"
"wochenblick.at","yastatic.net","",""
"wochenblick.at","zemanta.com","",""
"wochenblick.at","zeotap.com","Zeotap","DE"
"wordpress.com","argumentua.com","",""
"wordpress.com","b37mrtl.ru","",""
"wordpress.com","belta.by","",""
"wordpress.com","bing.com","Bing","US"
"wordpress.com","classicalmusicnews.ru","",""
"wordpress.com","dan-news.info","",""
"wordpress.com","dixinews.ru","",""
"wordpress.com","dnr-news.ru","",""
"wordpress.com","donbass-name.ru","",""
"wordpress.com","doubleclick.net","DoubleClick","US"
"wordpress.com","dropboxusercontent.com","",""
"wordpress.com","dw.com","",""
"wordpress.com","facebook.com","Facebook","US"
"wordpress.com","facebook.net","Facebook","US"
"wordpress.com","fbcdn.net","Facebook","US"
"wordpress.com","flagcounter.com","",""
"wordpress.com","foto-planeta.com","",""
"wordpress.com","ggpht.com","Google","US"
"wordpress.com","google-analytics.com","Google Analytics","US"
"wordpress.com","google.com","Google","US"
"wordpress.com","googleapis.com","Google APIs","US"
"wordpress.com","googleusercontent.com","Google","US"
"wordpress.com","gravatar.com","Gravatar","US"
"wordpress.com","gstatic.com","Google","US"
"wordpress.com","heidelberg.de","",""
"wordpress.com","igotoworld.com","",""
"wordpress.com","iz.ru","",""
"wordpress.com","lug-info.com","",""
"wordpress.com","mariupol-news.ru","",""
"wordpress.com","media.net","Media.net","US"
"wordpress.com","minds.com","",""
"wordpress.com","mininfodnr.ru","",""
"wordpress.com","news-front.info","",""
"wordpress.com","novorosinform.org","",""
"wordpress.com","odycdn.com","",""
"wordpress.com","omnitagjs.com","ADYOULIKE","US"
"wordpress.com","outbrain.com","Outbrain","US"
"wordpress.com","outbrainimg.com","",""
"wordpress.com","pinterest.com","Pinterest","US"
"wordpress.com","polldaddy.com","",""
"wordpress.com","priazovstep.ru","",""
"wordpress.com","printfriendly.com","",""
"wordpress.com","pubmine.com","",""
"wordpress.com","revolvermaps.com","",""
"wordpress.com","ria.ru","",""
"wordpress.com","sascdn.com","Smart AdServer","FR"
"wordpress.com","shr.su","",""
"wordpress.com","smartadserver.com","Smart AdServer","FR"
"wordpress.com","sndcdn.com","",""
"wordpress.com","soundcloud.com","",""
"wordpress.com","teads.tv","Teads","US"
"wordpress.com","telegram-cdn.org","",""
"wordpress.com","twimg.com","Twitter","US"
"wordpress.com","twitter.com","Twitter","US"
"wordpress.com","userapi.com","",""
"wordpress.com","verfassunggebende-versammlung.com","",""
"wordpress.com","vk.com","Vkontakte","RU"
"wordpress.com","vvaktuell.com","",""
"wordpress.com","webme.com","",""
"wordpress.com","wp.com","Wordpress","US"
"wordpress.com","yandex.net","Yandex","RU"
"wordpress.com","youtu.be","YouTube","US"
"wordpress.com","youtube.com","YouTube","US"
"wordpress.com","ytimg.com","YouTube","US"
"wordpress.com","zavtra.ru","",""
"wpcomstaging.com","2mdn.net","DoubleClick","US"
"wpcomstaging.com","addtoany.com","",""
"wpcomstaging.com","bitchute.com","",""
"wpcomstaging.com","cloudflare.com","Cloudflare","US"
"wpcomstaging.com","doubleclick.net","DoubleClick","US"
"wpcomstaging.com","gegenstimme.tv","",""
"wpcomstaging.com","ggpht.com","Google","US"
"wpcomstaging.com","google-analytics.com","Google Analytics","US"
"wpcomstaging.com","google.ch","Google","US"
"wpcomstaging.com","google.com","Google","US"
"wpcomstaging.com","googleapis.com","Google APIs","US"
"wpcomstaging.com","googlesyndication.com","AdSense","US"
"wpcomstaging.com","gstatic.com","Google","US"
"wpcomstaging.com","lbry.com","",""
"wpcomstaging.com","odycdn.com","",""
"wpcomstaging.com","odysee.com","",""
"wpcomstaging.com","odysee.tv","",""
"wpcomstaging.com","plyr.io","",""
"wpcomstaging.com","rmbl.ws","",""
"wpcomstaging.com","rumble.com","",""
"wpcomstaging.com","vitaminum.net","",""
"wpcomstaging.com","w.org","Wordpress","US"
"wpcomstaging.com","websale.net","",""
"wpcomstaging.com","wp.com","Wordpress","US"
"wpcomstaging.com","youtube.com","YouTube","US"
"wpcomstaging.com","ytimg.com","YouTube","US"
"zaronews.world","amazon-adsystem.com","Amazon Marketing Services","US"
"zaronews.world","assoc-amazon.com","",""
"zaronews.world","disqus.com","Disqus","US"
"zaronews.world","google-analytics.com","Google Analytics","US"
"zaronews.world","google.com","Google","US"
"zaronews.world","googleapis.com","Google APIs","US"
"zaronews.world","googletagmanager.com","Google Tag Manager","US"
"zaronews.world","gstatic.com","Google","US"
"zaronews.world","pantercon.net","",""
"zaronews.world","ssl-images-amazon.com","Amazon","US"
"zuercherin.com","doubleclick.net","DoubleClick","US"
"zuercherin.com","ggpht.com","Google","US"
"zuercherin.com","google.com","Google","US"
"zuercherin.com","googleapis.com","Google APIs","US"
"zuercherin.com","gstatic.com","Google","US"
"zuercherin.com","youtube.com","YouTube","US"
"zuercherin.com","ytimg.com","YouTube","US"
"zuerst.de","bootstrapcdn.com","StackPath","US"
"zurzeit.at","addthis.com","AddThis","US"
"zurzeit.at","adingo.jp","Fluct","JP"
"zurzeit.at","agkn.com","Neustar Marketing","US"
"zurzeit.at","casalemedia.com","Index Exchange","CA"
"zurzeit.at","doubleclick.net","DoubleClick","US"
"zurzeit.at","facebook.com","Facebook","US"
"zurzeit.at","facebook.net","Facebook","US"
"zurzeit.at","fbcdn.net","Facebook","US"
"zurzeit.at","gemius.pl","Gemius","PL"
"zurzeit.at","google.ch","Google","US"
"zurzeit.at","google.com","Google","US"
"zurzeit.at","googleadservices.com","AdSense","US"
"zurzeit.at","googleapis.com","Google APIs","US"
"zurzeit.at","googlesyndication.com","AdSense","US"
"zurzeit.at","googletagservices.com","Google Tag Manager","US"
"zurzeit.at","gstatic.com","Google","US"
"zurzeit.at","innovid.com","Innovid","US"
"zurzeit.at","mookie1.com","Xaxis","US"
"zurzeit.at","openx.net","OpenX","US"
"zurzeit.at","paypalobjects.com","",""
"zurzeit.at","pubmatic.com","PubMatic","US"
"zurzeit.at","quantserve.com","Quantcast","US"
"zurzeit.at","rlcdn.com","LiveRamp","US"
"zurzeit.at","rubiconproject.com","Rubicon Project","US"
