"percent_total","owner","owner_country"
"90.91","",""
"90.91","Alphabet","US"
"27.27","Adobe Systems","US"
"27.27","Amazon","US"
"27.27","Automattic","US"
"27.27","Bidtheatre","SE"
"27.27","Federated Media","US"
"27.27","GTCR","US"
"27.27","Loopme","UK"
"27.27","Oracle","US"
"27.27","PubMatic","US"
"27.27","The Trade Desk","US"
"27.27","Verizon","US"
"18.18","33Across","US"
"18.18","Acxiom","US"
"18.18","AdForm","DK"
"18.18","Adition Technologies","DE"
"18.18","AT&T","US"
"18.18","Azerion","NL"
"18.18","Beeswax","US"
"18.18","Centro","US"
"18.18","Comcast","US"
"18.18","Crimtan","UK"
"18.18","Criteo","FR"
"18.18","Exponential Advertising Intelligence","US"
"18.18","Eyeota","SG"
"18.18","Fifty Technology","UK"
"18.18","Fonticons","US"
"18.18","Golden Gate Capital","US"
"18.18","Here, There & Everywhere","AU"
"18.18","ID5 Technology","UK"
"18.18","Index Exchange","CA"
"18.18","Inmobi","IN"
"18.18","IPONWEB","UK"
"18.18","Lotame","US"
"18.18","Marimedia","IL"
"18.18","Media Math","US"
"18.18","Microsoft","US"
"18.18","Nielsen Online","US"
"18.18","OnAudience","UK"
"18.18","OpenX","US"
"18.18","Prospect One","US"
"18.18","PulsePoint","US"
"18.18","Quantcast","US"
"18.18","Rubicon Project","US"
"18.18","Salesforce","US"
"18.18","Samsung","KR"
"18.18","Semasio","DE"
"18.18","Sharethrough","US"
"18.18","Singtel","SG"
"18.18","Smart AdServer","FR"
"18.18","Taboola","US"
"18.18","Telenor","NO"
"18.18","Weborama","FR"
"18.18","WPP","UK"
"18.18","Yandex","RU"
"18.18","Zeotap","DE"
"9.09","AdRoll","US"
"9.09","ADYOULIKE","US"
"9.09","Avocet","UK"
"9.09","Dynadmic","FR"
"9.09","Engine Media Exchange","US"
"9.09","JS Foundation","US"
"9.09","LiveIntent","US"
"9.09","Mailchimp","US"
"9.09","Media.net","US"
"9.09","Monotype Imaging","US"
"9.09","Sonobi","US"
"9.09","Spot X Change","US"
"9.09","SpringServe","US"
"9.09","StackPath","US"
"9.09","Twitter","US"
"9.09","Yadro","RU"
