"percent_total","domain","owner","owner_country","owner_lineage"
"63.64","google-analytics.com","Google Analytics","US","Google Analytics > Google > Alphabet"
"63.64","googletagmanager.com","Google Tag Manager","US","Google Tag Manager > Google > Alphabet"
"54.55","doubleclick.net","DoubleClick","US","DoubleClick > Google > Alphabet"
"54.55","googleapis.com","Google APIs","US","Google APIs > Google > Alphabet"
"54.55","gstatic.com","Google","US","Google > Alphabet"
"45.45","google.ch","Google","US","Google > Alphabet"
"45.45","google.com","Google","US","Google > Alphabet"
"36.36","googlesyndication.com","AdSense","US","AdSense > Google > Alphabet"
"27.27","adsrvr.org","The Trade Desk","US","The Trade Desk"
"27.27","bidtheatre.com","Bidtheatre","SE","Bidtheatre"
"27.27","everesttech.net","Adobe Experience Cloud","US","Adobe Experience Cloud > Adobe Systems"
"27.27","googleadservices.com","AdSense","US","AdSense > Google > Alphabet"
"27.27","lijit.com","Sovrn","US","Sovrn > Federated Media"
"27.27","loopme.me","Loopme","UK","Loopme"
"27.27","onesignal.com","","",""
"27.27","onetag-sys.com","","",""
"27.27","pubmatic.com","PubMatic","US","PubMatic"
"27.27","simpli.fi","simpli.fi","US","simpli.fi > GTCR"
"27.27","wp.com","Wordpress","US","Wordpress > Automattic"
"27.27","yahoo.com","Yahoo","US","Yahoo > Verizon Media > Verizon"
"18.18","1rx.io","Blinkx","US","Blinkx > RhythmOne > Taptica > Marimedia"
"18.18","360yield.com","Improve Digital","NL","Improve Digital > Azerion"
"18.18","adform.net","AdForm","DK","AdForm"
"18.18","adgrx.com","AdGear","CA","AdGear > Samsung"
"18.18","adition.com","Adition Technologies","DE","Adition Technologies"
"18.18","admanmedia.com","","",""
"18.18","adnxs.com","Xandr","US","Xandr > AT&T"
"18.18","adotmob.com","","",""
"18.18","adpartner.pro","","",""
"18.18","adtarget.com.tr","","",""
"18.18","adtelligent.com","","",""
"18.18","agkn.com","Neustar Marketing","US","Neustar Marketing > Neustar > Golden Gate Capital"
"18.18","amazon-adsystem.com","Amazon Marketing Services","US","Amazon Marketing Services > Amazon"
"18.18","audrte.com","","",""
"18.18","bidr.io","Beeswax","US","Beeswax"
"18.18","bidswitch.net","Bidswitch","US","Bidswitch > IPONWEB"
"18.18","bluekai.com","Oracle Blue Kai","US","Oracle Blue Kai > Oracle Data Cloud > Oracle"
"18.18","booster3d.com","","",""
"18.18","casalemedia.com","Index Exchange","CA","Index Exchange"
"18.18","contextweb.com","PulsePoint","US","PulsePoint"
"18.18","cookieless-data.com","","",""
"18.18","creativecdn.com","","",""
"18.18","criteo.com","Criteo","FR","Criteo"
"18.18","crwdcntrl.net","Lotame","US","Lotame"
"18.18","ctnsnet.com","Crimtan","UK","Crimtan"
"18.18","de17a.com","","",""
"18.18","demdex.net","Adobe Audience Manager","US","Adobe Audience Manager > Adobe Experience Cloud > Adobe Systems"
"18.18","dotomi.com","Dotomi","US","Dotomi > Conversant Media > Here, There & Everywhere"
"18.18","e-planning.net","","",""
"18.18","e-volution.ai","","",""
"18.18","erne.co","","",""
"18.18","eu-1-id5-sync.com","","",""
"18.18","exelator.com","exelate","US","exelate > Nielsen Online"
"18.18","eyeota.net","Eyeota","SG","Eyeota"
"18.18","fiftyt.com","Fifty Technology","UK","Fifty Technology"
"18.18","fontawesome.com","Fonticons","US","Fonticons"
"18.18","fwmrm.net","FreeWheel","US","FreeWheel > Comcast"
"18.18","googletagservices.com","Google Tag Manager","US","Google Tag Manager > Google > Alphabet"
"18.18","id5-sync.com","ID5 Technology","UK","ID5 Technology"
"18.18","idealmedia.io","","",""
"18.18","imrworldwide.com","Nielsen Online","US","Nielsen Online"
"18.18","inmobi.com","Inmobi","IN","Inmobi"
"18.18","iprom.net","","",""
"18.18","jsdelivr.net","jsDelivr","US","jsDelivr > Prospect One"
"18.18","krxd.net","Salesforce DMP","US","Salesforce DMP > Salesforce"
"18.18","linkedin.com","LinkedIn","US","LinkedIn > Microsoft"
"18.18","mathtag.com","Media Math","US","Media Math"
"18.18","mgid.com","","",""
"18.18","mookie1.com","Xaxis","US","Xaxis > GroupM > WPP"
"18.18","onaudience.com","OnAudience","UK","OnAudience"
"18.18","openx.net","OpenX","US","OpenX"
"18.18","playground.xyz","","",""
"18.18","quantcount.com","Quantcast","US","Quantcast"
"18.18","quantserve.com","Quantcast","US","Quantcast"
"18.18","rfihub.com","Rocketfuel","US","Rocketfuel > Sizmek > Amazon"
"18.18","richaudience.com","","",""
"18.18","rlcdn.com","LiveRamp","US","LiveRamp > Acxiom"
"18.18","rtbsystem.org","","",""
"18.18","rubiconproject.com","Rubicon Project","US","Rubicon Project"
"18.18","semasio.net","Semasio","DE","Semasio"
"18.18","sharethrough.com","Sharethrough","US","Sharethrough"
"18.18","sitescout.com","SiteScout","US","SiteScout > Centro"
"18.18","smartadserver.com","Smart AdServer","FR","Smart AdServer"
"18.18","spotim.market","","",""
"18.18","spotimmedia.com","","",""
"18.18","stackadapt.com","","",""
"18.18","taboola.com","Taboola","US","Taboola"
"18.18","tapad.com","TapAd","US","TapAd > Telenor"
"18.18","tidaltv.com","Videology Group","US","Videology Group > Amobee > Singtel"
"18.18","tribalfusion.com","Tribal Fusion","US","Tribal Fusion > Exponential Advertising Intelligence"
"18.18","truffle.bid","","",""
"18.18","turn.com","Turn","US","Turn > Amobee > Singtel"
"18.18","tynt.com","33Across","US","33Across"
"18.18","vidoomy.com","","",""
"18.18","weborama.fr","Weborama","FR","Weborama"
"18.18","widespace.com","","",""
"18.18","yandex.ru","Yandex","RU","Yandex"
"18.18","zeotap.com","Zeotap","DE","Zeotap"
"9.09","2kita.com","","",""
"9.09","4dex.io","","",""
"9.09","a-mo.net","","",""
"9.09","ad.style","","",""
"9.09","ad4m.at","","",""
"9.09","addthis.com","AddThis","US","AddThis > Oracle Data Cloud > Oracle"
"9.09","addthisedge.com","AddThis","US","AddThis > Oracle Data Cloud > Oracle"
"9.09","adkernel.com","","",""
"9.09","adleadevent.com","","",""
"9.09","adroll.com","AdRoll","US","AdRoll"
"9.09","ampproject.org","Amp Project","US","Amp Project > Google > Alphabet"
"9.09","avct.cloud","","",""
"9.09","b-cdn.net","","",""
"9.09","blismedia.com","","",""
"9.09","bluevoox.com","","",""
"9.09","bootstrapcdn.com","StackPath","US","StackPath"
"9.09","brand-display.com","","",""
"9.09","cloudflareinsights.com","","",""
"9.09","cloudfront.net","Amazon","US","Amazon"
"9.09","connectad.io","","",""
"9.09","corona-transition.org","","",""
"9.09","cpx.to","Avocet","UK","Avocet"
"9.09","deltawelt.ch","","",""
"9.09","dyntrk.com","Dynadmic","FR","Dynadmic"
"9.09","emxdgt.com","Engine Media Exchange","US","Engine Media Exchange"
"9.09","follow.it","","",""
"9.09","fonts.net","Fonts.com","US","Fonts.com > Monotype Imaging"
"9.09","foremedia.net","","",""
"9.09","fraudscore.ai","","",""
"9.09","gegenstimme.tv","","",""
"9.09","github.io","","",""
"9.09","gosol.org","","",""
"9.09","jquery.com","JS Foundation","US","JS Foundation"
"9.09","leadplace.fr","","",""
"9.09","liadm.com","LiveIntent","US","LiveIntent"
"9.09","list-manage.com","Mailchimp","US","Mailchimp"
"9.09","luxadv.com","","",""
"9.09","mailchimp.com","Mailchimp","US","Mailchimp"
"9.09","media.net","Media.net","US","Media.net"
"9.09","mediago.io","","",""
"9.09","mischwald.ch","","",""
"9.09","moatads.com","Moat","US","Moat > Oracle Data Cloud > Oracle"
"9.09","omnitagjs.com","ADYOULIKE","US","ADYOULIKE"
"9.09","peertube.fr","","",""
"9.09","pubtagmanager.com","","",""
"9.09","quantcast.com","Quantcast","US","Quantcast"
"9.09","rqtrk.eu","","",""
"9.09","sascdn.com","Smart AdServer","FR","Smart AdServer"
"9.09","sddan.com","","",""
"9.09","smilewanted.com","","",""
"9.09","socdm.com","","",""
"9.09","sonobi.com","Sonobi","US","Sonobi"
"9.09","sportradarserving.com","","",""
"9.09","spotxchange.com","Spot X Change","US","Spot X Change"
"9.09","springserve.com","SpringServe","US","SpringServe"
"9.09","stickyadstv.com","StickyADS.tv","US","StickyADS.tv > Comcast"
"9.09","t.me","","",""
"9.09","taptapnetworks.com","","",""
"9.09","telegram-cdn.org","","",""
"9.09","telegram.org","","",""
"9.09","tg.dev","","",""
"9.09","themoneytizer.com","","",""
"9.09","tmyzer.com","","",""
"9.09","transition-news.org","","",""
"9.09","travelaudience.com","","",""
"9.09","twimg.com","Twitter","US","Twitter"
"9.09","twitter.com","Twitter","US","Twitter"
"9.09","uuidksinc.net","","",""
"9.09","webpushr.com","","",""
"9.09","yadro.ru","Yadro","RU","Yadro"
"9.09","yastatic.net","","",""
"9.09","youtube.com","YouTube","US","YouTube > Google > Alphabet"
"9.09","ytimg.com","YouTube","US","YouTube > Google > Alphabet"
"9.09","zemanta.com","","",""
