"use_category","percent_crawls_w_use","ave_occurances_per_page","percentage_of_use_w_cookie","percentage_of_use_ssl"
"audience_measurement","63.64","2.86","0.0","100.0"
"code","63.64","1.43","0.0","100.0"
"content_recommendation","18.18","1.0","0.0","100.0"
"customer_relationship_management","18.18","1.0","0.0","100.0"
"font","18.18","1.5","0.0","100.0"
"general","27.27","1.33","0.0","100.0"
"hosting","100.0","2.73","0.0","100.0"
"malware","9.09","1.0","0.0","100.0"
"marketing","72.73","19.88","3.14","100.0"
"social_media","36.36","1.5","0.0","100.0"
"tag_manager","63.64","1.29","0.0","100.0"
"video","27.27","1.33","0.0","100.0"
