"percentage_crawls_tracked","owner","owner_country","owner_lineage"
"90.91","Alphabet","US","Alphabet"
"90.91","Google","US","Google > Alphabet"
"63.64","Google Analytics","US","Google Analytics > Google > Alphabet"
"63.64","Google Tag Manager","US","Google Tag Manager > Google > Alphabet"
"54.55","DoubleClick","US","DoubleClick > Google > Alphabet"
"54.55","Google APIs","US","Google APIs > Google > Alphabet"
"36.36","AdSense","US","AdSense > Google > Alphabet"
"27.27","Adobe Experience Cloud","US","Adobe Experience Cloud > Adobe Systems"
"27.27","Adobe Systems","US","Adobe Systems"
"27.27","Amazon","US","Amazon"
"27.27","Automattic","US","Automattic"
"27.27","Bidtheatre","SE","Bidtheatre"
"27.27","Federated Media","US","Federated Media"
"27.27","GTCR","US","GTCR"
"27.27","Loopme","UK","Loopme"
"27.27","Oracle","US","Oracle"
"27.27","Oracle Data Cloud","US","Oracle Data Cloud > Oracle"
"27.27","PubMatic","US","PubMatic"
"27.27","simpli.fi","US","simpli.fi > GTCR"
"27.27","Sovrn","US","Sovrn > Federated Media"
"27.27","The Trade Desk","US","The Trade Desk"
"27.27","Verizon","US","Verizon"
"27.27","Verizon Media","US","Verizon Media > Verizon"
"27.27","Wordpress","US","Wordpress > Automattic"
"27.27","Yahoo","US","Yahoo > Verizon Media > Verizon"
"18.18","33Across","US","33Across"
"18.18","Acxiom","US","Acxiom"
"18.18","AdForm","DK","AdForm"
"18.18","AdGear","CA","AdGear > Samsung"
"18.18","Adition Technologies","DE","Adition Technologies"
"18.18","Adobe Audience Manager","US","Adobe Audience Manager > Adobe Experience Cloud > Adobe Systems"
"18.18","Amazon Marketing Services","US","Amazon Marketing Services > Amazon"
"18.18","Amobee","US","Amobee > Singtel"
"18.18","AT&T","US","AT&T"
"18.18","Azerion","NL","Azerion"
"18.18","Beeswax","US","Beeswax"
"18.18","Bidswitch","US","Bidswitch > IPONWEB"
"18.18","Blinkx","US","Blinkx > RhythmOne > Taptica > Marimedia"
"18.18","Centro","US","Centro"
"18.18","Comcast","US","Comcast"
"18.18","Conversant Media","US","Conversant Media > Here, There & Everywhere"
"18.18","Crimtan","UK","Crimtan"
"18.18","Criteo","FR","Criteo"
"18.18","Dotomi","US","Dotomi > Conversant Media > Here, There & Everywhere"
"18.18","exelate","US","exelate > Nielsen Online"
"18.18","Exponential Advertising Intelligence","US","Exponential Advertising Intelligence"
"18.18","Eyeota","SG","Eyeota"
"18.18","Fifty Technology","UK","Fifty Technology"
"18.18","Fonticons","US","Fonticons"
"18.18","FreeWheel","US","FreeWheel > Comcast"
"18.18","Golden Gate Capital","US","Golden Gate Capital"
"18.18","GroupM","UK","GroupM > WPP"
"18.18","Here, There & Everywhere","AU","Here, There & Everywhere"
"18.18","ID5 Technology","UK","ID5 Technology"
"18.18","Improve Digital","NL","Improve Digital > Azerion"
"18.18","Index Exchange","CA","Index Exchange"
"18.18","Inmobi","IN","Inmobi"
"18.18","IPONWEB","UK","IPONWEB"
"18.18","jsDelivr","US","jsDelivr > Prospect One"
"18.18","LinkedIn","US","LinkedIn > Microsoft"
"18.18","LiveRamp","US","LiveRamp > Acxiom"
"18.18","Lotame","US","Lotame"
"18.18","Marimedia","IL","Marimedia"
"18.18","Media Math","US","Media Math"
"18.18","Microsoft","US","Microsoft"
"18.18","Neustar","US","Neustar > Golden Gate Capital"
"18.18","Neustar Marketing","US","Neustar Marketing > Neustar > Golden Gate Capital"
"18.18","Nielsen Online","US","Nielsen Online"
"18.18","OnAudience","UK","OnAudience"
"18.18","OpenX","US","OpenX"
"18.18","Oracle Blue Kai","US","Oracle Blue Kai > Oracle Data Cloud > Oracle"
"18.18","Prospect One","US","Prospect One"
"18.18","PulsePoint","US","PulsePoint"
"18.18","Quantcast","US","Quantcast"
"18.18","RhythmOne","US","RhythmOne > Taptica > Marimedia"
"18.18","Rocketfuel","US","Rocketfuel > Sizmek > Amazon"
"18.18","Rubicon Project","US","Rubicon Project"
"18.18","Salesforce","US","Salesforce"
"18.18","Salesforce DMP","US","Salesforce DMP > Salesforce"
"18.18","Samsung","KR","Samsung"
"18.18","Semasio","DE","Semasio"
"18.18","Sharethrough","US","Sharethrough"
"18.18","Singtel","SG","Singtel"
"18.18","SiteScout","US","SiteScout > Centro"
"18.18","Sizmek","US","Sizmek > Amazon"
"18.18","Smart AdServer","FR","Smart AdServer"
"18.18","Taboola","US","Taboola"
"18.18","TapAd","US","TapAd > Telenor"
"18.18","Taptica","US","Taptica > Marimedia"
"18.18","Telenor","NO","Telenor"
"18.18","Tribal Fusion","US","Tribal Fusion > Exponential Advertising Intelligence"
"18.18","Turn","US","Turn > Amobee > Singtel"
"18.18","Videology Group","US","Videology Group > Amobee > Singtel"
"18.18","Weborama","FR","Weborama"
"18.18","WPP","UK","WPP"
"18.18","Xandr","US","Xandr > AT&T"
"18.18","Xaxis","US","Xaxis > GroupM > WPP"
"18.18","Yandex","RU","Yandex"
"18.18","Zeotap","DE","Zeotap"
"9.09","AddThis","US","AddThis > Oracle Data Cloud > Oracle"
"9.09","AdRoll","US","AdRoll"
"9.09","ADYOULIKE","US","ADYOULIKE"
"9.09","Amp Project","US","Amp Project > Google > Alphabet"
"9.09","Avocet","UK","Avocet"
"9.09","Dynadmic","FR","Dynadmic"
"9.09","Engine Media Exchange","US","Engine Media Exchange"
"9.09","Fonts.com","US","Fonts.com > Monotype Imaging"
"9.09","JS Foundation","US","JS Foundation"
"9.09","LiveIntent","US","LiveIntent"
"9.09","Mailchimp","US","Mailchimp"
"9.09","Media.net","US","Media.net"
"9.09","Moat","US","Moat > Oracle Data Cloud > Oracle"
"9.09","Monotype Imaging","US","Monotype Imaging"
"9.09","Sonobi","US","Sonobi"
"9.09","Spot X Change","US","Spot X Change"
"9.09","SpringServe","US","SpringServe"
"9.09","StackPath","US","StackPath"
"9.09","StickyADS.tv","US","StickyADS.tv > Comcast"
"9.09","Twitter","US","Twitter"
"9.09","Yadro","RU","Yadro"
"9.09","YouTube","US","YouTube > Google > Alphabet"
