"page_domain","3p_request_domain","3p_domain_owner","3p_domain_owner_country"
"auf1.tv","cloudflareinsights.com","",""
"auf1.tv","gegenstimme.tv","",""
"auf1.tv","jsdelivr.net","jsDelivr","US"
"compact-online.de","doubleclick.net","DoubleClick","US"
"compact-online.de","google-analytics.com","Google Analytics","US"
"compact-online.de","google.ch","Google","US"
"compact-online.de","google.com","Google","US"
"compact-online.de","googletagmanager.com","Google Tag Manager","US"
"compact-online.de","onesignal.com","",""
"info-direkt.eu","ampproject.org","Amp Project","US"
"info-direkt.eu","bootstrapcdn.com","StackPath","US"
"info-direkt.eu","doubleclick.net","DoubleClick","US"
"info-direkt.eu","google-analytics.com","Google Analytics","US"
"info-direkt.eu","google.ch","Google","US"
"info-direkt.eu","google.com","Google","US"
"info-direkt.eu","googleadservices.com","AdSense","US"
"info-direkt.eu","googleapis.com","Google APIs","US"
"info-direkt.eu","googlesyndication.com","AdSense","US"
"info-direkt.eu","googletagmanager.com","Google Tag Manager","US"
"info-direkt.eu","googletagservices.com","Google Tag Manager","US"
"info-direkt.eu","gstatic.com","Google","US"
"info-direkt.eu","wp.com","Wordpress","US"
"journalistenwatch.com","ad.style","",""
"journalistenwatch.com","adkernel.com","",""
"journalistenwatch.com","adsrvr.org","The Trade Desk","US"
"journalistenwatch.com","bidtheatre.com","Bidtheatre","SE"
"journalistenwatch.com","blismedia.com","",""
"journalistenwatch.com","bluevoox.com","",""
"journalistenwatch.com","doubleclick.net","DoubleClick","US"
"journalistenwatch.com","dyntrk.com","Dynadmic","FR"
"journalistenwatch.com","emxdgt.com","Engine Media Exchange","US"
"journalistenwatch.com","everesttech.net","Adobe Experience Cloud","US"
"journalistenwatch.com","fontawesome.com","Fonticons","US"
"journalistenwatch.com","foremedia.net","",""
"journalistenwatch.com","fraudscore.ai","",""
"journalistenwatch.com","google-analytics.com","Google Analytics","US"
"journalistenwatch.com","google.ch","Google","US"
"journalistenwatch.com","google.com","Google","US"
"journalistenwatch.com","googleadservices.com","AdSense","US"
"journalistenwatch.com","googleapis.com","Google APIs","US"
"journalistenwatch.com","googlesyndication.com","AdSense","US"
"journalistenwatch.com","googletagmanager.com","Google Tag Manager","US"
"journalistenwatch.com","googletagservices.com","Google Tag Manager","US"
"journalistenwatch.com","gstatic.com","Google","US"
"journalistenwatch.com","lijit.com","Sovrn","US"
"journalistenwatch.com","loopme.me","Loopme","UK"
"journalistenwatch.com","media.net","Media.net","US"
"journalistenwatch.com","mediago.io","",""
"journalistenwatch.com","onetag-sys.com","",""
"journalistenwatch.com","pubmatic.com","PubMatic","US"
"journalistenwatch.com","pubtagmanager.com","",""
"journalistenwatch.com","rfihub.com","Rocketfuel","US"
"journalistenwatch.com","sharethrough.com","Sharethrough","US"
"journalistenwatch.com","simpli.fi","simpli.fi","US"
"journalistenwatch.com","socdm.com","",""
"journalistenwatch.com","sonobi.com","Sonobi","US"
"journalistenwatch.com","travelaudience.com","",""
"journalistenwatch.com","uuidksinc.net","",""
"journalistenwatch.com","webpushr.com","",""
"journalistenwatch.com","wp.com","Wordpress","US"
"journalistenwatch.com","yahoo.com","Yahoo","US"
"news-front.info","2kita.com","",""
"news-front.info","addthis.com","AddThis","US"
"news-front.info","addthisedge.com","AddThis","US"
"news-front.info","doubleclick.net","DoubleClick","US"
"news-front.info","github.io","",""
"news-front.info","google-analytics.com","Google Analytics","US"
"news-front.info","google.ch","Google","US"
"news-front.info","google.com","Google","US"
"news-front.info","googleapis.com","Google APIs","US"
"news-front.info","googlesyndication.com","AdSense","US"
"news-front.info","googletagmanager.com","Google Tag Manager","US"
"news-front.info","gstatic.com","Google","US"
"news-front.info","luxadv.com","",""
"news-front.info","moatads.com","Moat","US"
"news-front.info","yadro.ru","Yadro","RU"
"news-front.info","yandex.ru","Yandex","RU"
"nuoflix.de","b-cdn.net","",""
"nuoflix.de","google-analytics.com","Google Analytics","US"
"nuoflix.de","googletagmanager.com","Google Tag Manager","US"
"report24.news","1rx.io","Blinkx","US"
"report24.news","360yield.com","Improve Digital","NL"
"report24.news","ad4m.at","",""
"report24.news","adform.net","AdForm","DK"
"report24.news","adgrx.com","AdGear","CA"
"report24.news","adition.com","Adition Technologies","DE"
"report24.news","admanmedia.com","",""
"report24.news","adnxs.com","Xandr","US"
"report24.news","adotmob.com","",""
"report24.news","adpartner.pro","",""
"report24.news","adsrvr.org","The Trade Desk","US"
"report24.news","adtarget.com.tr","",""
"report24.news","adtelligent.com","",""
"report24.news","agkn.com","Neustar Marketing","US"
"report24.news","amazon-adsystem.com","Amazon Marketing Services","US"
"report24.news","audrte.com","",""
"report24.news","avct.cloud","",""
"report24.news","bidr.io","Beeswax","US"
"report24.news","bidswitch.net","Bidswitch","US"
"report24.news","bidtheatre.com","Bidtheatre","SE"
"report24.news","bluekai.com","Oracle Blue Kai","US"
"report24.news","booster3d.com","",""
"report24.news","casalemedia.com","Index Exchange","CA"
"report24.news","contextweb.com","PulsePoint","US"
"report24.news","cookieless-data.com","",""
"report24.news","creativecdn.com","",""
"report24.news","criteo.com","Criteo","FR"
"report24.news","crwdcntrl.net","Lotame","US"
"report24.news","ctnsnet.com","Crimtan","UK"
"report24.news","de17a.com","",""
"report24.news","demdex.net","Adobe Audience Manager","US"
"report24.news","dotomi.com","Dotomi","US"
"report24.news","doubleclick.net","DoubleClick","US"
"report24.news","e-planning.net","",""
"report24.news","e-volution.ai","",""
"report24.news","erne.co","",""
"report24.news","eu-1-id5-sync.com","",""
"report24.news","everesttech.net","Adobe Experience Cloud","US"
"report24.news","exelator.com","exelate","US"
"report24.news","eyeota.net","Eyeota","SG"
"report24.news","fiftyt.com","Fifty Technology","UK"
"report24.news","fwmrm.net","FreeWheel","US"
"report24.news","google-analytics.com","Google Analytics","US"
"report24.news","googletagmanager.com","Google Tag Manager","US"
"report24.news","id5-sync.com","ID5 Technology","UK"
"report24.news","idealmedia.io","",""
"report24.news","imrworldwide.com","Nielsen Online","US"
"report24.news","inmobi.com","Inmobi","IN"
"report24.news","iprom.net","",""
"report24.news","krxd.net","Salesforce DMP","US"
"report24.news","lijit.com","Sovrn","US"
"report24.news","linkedin.com","LinkedIn","US"
"report24.news","loopme.me","Loopme","UK"
"report24.news","mathtag.com","Media Math","US"
"report24.news","mgid.com","",""
"report24.news","mookie1.com","Xaxis","US"
"report24.news","onaudience.com","OnAudience","UK"
"report24.news","onetag-sys.com","",""
"report24.news","openx.net","OpenX","US"
"report24.news","playground.xyz","",""
"report24.news","pubmatic.com","PubMatic","US"
"report24.news","quantcast.com","Quantcast","US"
"report24.news","quantcount.com","Quantcast","US"
"report24.news","quantserve.com","Quantcast","US"
"report24.news","richaudience.com","",""
"report24.news","rlcdn.com","LiveRamp","US"
"report24.news","rtbsystem.org","",""
"report24.news","rubiconproject.com","Rubicon Project","US"
"report24.news","semasio.net","Semasio","DE"
"report24.news","simpli.fi","simpli.fi","US"
"report24.news","sitescout.com","SiteScout","US"
"report24.news","smartadserver.com","Smart AdServer","FR"
"report24.news","spotim.market","",""
"report24.news","spotimmedia.com","",""
"report24.news","stackadapt.com","",""
"report24.news","taboola.com","Taboola","US"
"report24.news","tapad.com","TapAd","US"
"report24.news","tidaltv.com","Videology Group","US"
"report24.news","tribalfusion.com","Tribal Fusion","US"
"report24.news","truffle.bid","",""
"report24.news","turn.com","Turn","US"
"report24.news","tynt.com","33Across","US"
"report24.news","vidoomy.com","",""
"report24.news","weborama.fr","Weborama","FR"
"report24.news","widespace.com","",""
"report24.news","yahoo.com","Yahoo","US"
"report24.news","zeotap.com","Zeotap","DE"
"uncutnews.ch","follow.it","",""
"uncutnews.ch","googleapis.com","Google APIs","US"
"uncutnews.ch","gstatic.com","Google","US"
"uncutnews.ch","t.me","",""
"uncutnews.ch","telegram-cdn.org","",""
"uncutnews.ch","telegram.org","",""
"uncutnews.ch","tg.dev","",""
"uncutnews.ch","twimg.com","Twitter","US"
"uncutnews.ch","twitter.com","Twitter","US"
"uncutnews.ch","wp.com","Wordpress","US"
"unzensuriert.at","onesignal.com","",""
"unzensuriert.at","youtube.com","YouTube","US"
"unzensuriert.at","ytimg.com","YouTube","US"
"wochenblick.at","1rx.io","Blinkx","US"
"wochenblick.at","360yield.com","Improve Digital","NL"
"wochenblick.at","4dex.io","",""
"wochenblick.at","a-mo.net","",""
"wochenblick.at","adform.net","AdForm","DK"
"wochenblick.at","adgrx.com","AdGear","CA"
"wochenblick.at","adition.com","Adition Technologies","DE"
"wochenblick.at","adleadevent.com","",""
"wochenblick.at","admanmedia.com","",""
"wochenblick.at","adnxs.com","Xandr","US"
"wochenblick.at","adotmob.com","",""
"wochenblick.at","adpartner.pro","",""
"wochenblick.at","adroll.com","AdRoll","US"
"wochenblick.at","adsrvr.org","The Trade Desk","US"
"wochenblick.at","adtarget.com.tr","",""
"wochenblick.at","adtelligent.com","",""
"wochenblick.at","agkn.com","Neustar Marketing","US"
"wochenblick.at","amazon-adsystem.com","Amazon Marketing Services","US"
"wochenblick.at","audrte.com","",""
"wochenblick.at","bidr.io","Beeswax","US"
"wochenblick.at","bidswitch.net","Bidswitch","US"
"wochenblick.at","bidtheatre.com","Bidtheatre","SE"
"wochenblick.at","bluekai.com","Oracle Blue Kai","US"
"wochenblick.at","booster3d.com","",""
"wochenblick.at","brand-display.com","",""
"wochenblick.at","casalemedia.com","Index Exchange","CA"
"wochenblick.at","cloudfront.net","Amazon","US"
"wochenblick.at","connectad.io","",""
"wochenblick.at","contextweb.com","PulsePoint","US"
"wochenblick.at","cookieless-data.com","",""
"wochenblick.at","cpx.to","Avocet","UK"
"wochenblick.at","creativecdn.com","",""
"wochenblick.at","criteo.com","Criteo","FR"
"wochenblick.at","crwdcntrl.net","Lotame","US"
"wochenblick.at","ctnsnet.com","Crimtan","UK"
"wochenblick.at","de17a.com","",""
"wochenblick.at","deltawelt.ch","",""
"wochenblick.at","demdex.net","Adobe Audience Manager","US"
"wochenblick.at","dotomi.com","Dotomi","US"
"wochenblick.at","doubleclick.net","DoubleClick","US"
"wochenblick.at","e-planning.net","",""
"wochenblick.at","e-volution.ai","",""
"wochenblick.at","erne.co","",""
"wochenblick.at","eu-1-id5-sync.com","",""
"wochenblick.at","everesttech.net","Adobe Experience Cloud","US"
"wochenblick.at","exelator.com","exelate","US"
"wochenblick.at","eyeota.net","Eyeota","SG"
"wochenblick.at","fiftyt.com","Fifty Technology","UK"
"wochenblick.at","fwmrm.net","FreeWheel","US"
"wochenblick.at","google-analytics.com","Google Analytics","US"
"wochenblick.at","google.ch","Google","US"
"wochenblick.at","google.com","Google","US"
"wochenblick.at","googleadservices.com","AdSense","US"
"wochenblick.at","googleapis.com","Google APIs","US"
"wochenblick.at","googlesyndication.com","AdSense","US"
"wochenblick.at","googletagmanager.com","Google Tag Manager","US"
"wochenblick.at","gstatic.com","Google","US"
"wochenblick.at","id5-sync.com","ID5 Technology","UK"
"wochenblick.at","idealmedia.io","",""
"wochenblick.at","imrworldwide.com","Nielsen Online","US"
"wochenblick.at","inmobi.com","Inmobi","IN"
"wochenblick.at","iprom.net","",""
"wochenblick.at","krxd.net","Salesforce DMP","US"
"wochenblick.at","leadplace.fr","",""
"wochenblick.at","liadm.com","LiveIntent","US"
"wochenblick.at","lijit.com","Sovrn","US"
"wochenblick.at","linkedin.com","LinkedIn","US"
"wochenblick.at","loopme.me","Loopme","UK"
"wochenblick.at","mathtag.com","Media Math","US"
"wochenblick.at","mgid.com","",""
"wochenblick.at","mookie1.com","Xaxis","US"
"wochenblick.at","omnitagjs.com","ADYOULIKE","US"
"wochenblick.at","onaudience.com","OnAudience","UK"
"wochenblick.at","onesignal.com","",""
"wochenblick.at","onetag-sys.com","",""
"wochenblick.at","openx.net","OpenX","US"
"wochenblick.at","peertube.fr","",""
"wochenblick.at","playground.xyz","",""
"wochenblick.at","pubmatic.com","PubMatic","US"
"wochenblick.at","quantcount.com","Quantcast","US"
"wochenblick.at","quantserve.com","Quantcast","US"
"wochenblick.at","rfihub.com","Rocketfuel","US"
"wochenblick.at","richaudience.com","",""
"wochenblick.at","rlcdn.com","LiveRamp","US"
"wochenblick.at","rqtrk.eu","",""
"wochenblick.at","rtbsystem.org","",""
"wochenblick.at","rubiconproject.com","Rubicon Project","US"
"wochenblick.at","sascdn.com","Smart AdServer","FR"
"wochenblick.at","sddan.com","",""
"wochenblick.at","semasio.net","Semasio","DE"
"wochenblick.at","sharethrough.com","Sharethrough","US"
"wochenblick.at","simpli.fi","simpli.fi","US"
"wochenblick.at","sitescout.com","SiteScout","US"
"wochenblick.at","smartadserver.com","Smart AdServer","FR"
"wochenblick.at","smilewanted.com","",""
"wochenblick.at","sportradarserving.com","",""
"wochenblick.at","spotim.market","",""
"wochenblick.at","spotimmedia.com","",""
"wochenblick.at","spotxchange.com","Spot X Change","US"
"wochenblick.at","springserve.com","SpringServe","US"
"wochenblick.at","stackadapt.com","",""
"wochenblick.at","stickyadstv.com","StickyADS.tv","US"
"wochenblick.at","taboola.com","Taboola","US"
"wochenblick.at","tapad.com","TapAd","US"
"wochenblick.at","taptapnetworks.com","",""
"wochenblick.at","themoneytizer.com","",""
"wochenblick.at","tidaltv.com","Videology Group","US"
"wochenblick.at","tmyzer.com","",""
"wochenblick.at","tribalfusion.com","Tribal Fusion","US"
"wochenblick.at","truffle.bid","",""
"wochenblick.at","turn.com","Turn","US"
"wochenblick.at","tynt.com","33Across","US"
"wochenblick.at","vidoomy.com","",""
"wochenblick.at","weborama.fr","Weborama","FR"
"wochenblick.at","widespace.com","",""
"wochenblick.at","yahoo.com","Yahoo","US"
"wochenblick.at","yandex.ru","Yandex","RU"
"wochenblick.at","yastatic.net","",""
"wochenblick.at","zemanta.com","",""
"wochenblick.at","zeotap.com","Zeotap","DE"
"zeitpunkt.ch","corona-transition.org","",""
"zeitpunkt.ch","fontawesome.com","Fonticons","US"
"zeitpunkt.ch","fonts.net","Fonts.com","US"
"zeitpunkt.ch","googleapis.com","Google APIs","US"
"zeitpunkt.ch","gosol.org","",""
"zeitpunkt.ch","gstatic.com","Google","US"
"zeitpunkt.ch","jquery.com","JS Foundation","US"
"zeitpunkt.ch","jsdelivr.net","jsDelivr","US"
"zeitpunkt.ch","list-manage.com","Mailchimp","US"
"zeitpunkt.ch","mailchimp.com","Mailchimp","US"
"zeitpunkt.ch","mischwald.ch","",""
"zeitpunkt.ch","transition-news.org","",""
