"n_pages","11"
"n_crawls","11"
"%_pages_ssl","100.0"
"n_requests_received","2947"
"%_requests_received_ssl","96.74"
"n_1p_requests_received","1015"
"%_1p_requests_received_ssl","100.0"
"n_3p_requests_received","1836"
"%_3p_requests_received_ssl","100.0"
"average_page_load_time","19.41"
"%_w/3p_request","100.0"
"%_w/3p_cookie","72.73"
"%_w/3p_script","100.0"
"mean_3p_domains","28.36"
"median_3p_domains","12"
"mode_3p_domains","3"
"mean_3p_cookies","33.91"
"median_3p_cookies","3"
"mode_3p_cookies","0"
