"percent_total","owner","owner_country"
"73.17","",""
"63.41","Alphabet","US"
"26.83","Microsoft","US"
"24.39","comScore","US"
"24.39","Facebook","US"
"21.95","Amazon","US"
"21.95","AT&T","US"
"17.07","Criteo","FR"
"14.63","AdForm","DK"
"14.63","Adobe Systems","US"
"14.63","Index Exchange","CA"
"14.63","Integral Ad Science","US"
"14.63","Twitter","US"
"12.2","Adition Technologies","DE"
"12.2","Akamai","US"
"12.2","IPONWEB","UK"
"12.2","OpenX","US"
"12.2","PubMatic","US"
"12.2","Quantcast","US"
"12.2","The Trade Desk","US"
"12.2","Verizon","US"
"9.76","Beeswax","US"
"9.76","Chartbeat","US"
"9.76","Crimtan","UK"
"9.76","Exponential Advertising Intelligence","US"
"9.76","GTCR","US"
"9.76","Here, There & Everywhere","AU"
"9.76","Loopme","UK"
"9.76","Marimedia","IL"
"9.76","Media Math","US"
"9.76","PulsePoint","US"
"9.76","Rubicon Project","US"
"9.76","Smart AdServer","FR"
"9.76","TripleLift","US"
"7.32","Bidtheatre","SE"
"7.32","Check Point","US"
"7.32","Engine Media Exchange","US"
"7.32","Fifty Technology","UK"
"7.32","Lotame","US"
"7.32","OnAudience","UK"
"7.32","Pinterest","US"
"7.32","Prospect One","US"
"7.32","Samsung","KR"
"7.32","Semasio","DE"
"7.32","Sharethrough","US"
"7.32","Singtel","SG"
"7.32","Taboola","US"
"7.32","Tealium","US"
"7.32","Yieldmo","US"
"7.32","Zeotap","DE"
"4.88","Acxiom","US"
"4.88","ADYOULIKE","US"
"4.88","Altice SA","LU"
"4.88","Azerion","NL"
"4.88","Cloudflare","US"
"4.88","DataXu","US"
"4.88","Federated Media","US"
"4.88","Hotjar","MT"
"4.88","ID5 Technology","UK"
"4.88","Longtail Ad Solutions","US"
"4.88","Media.net","US"
"4.88","Oracle","US"
"4.88","Ströer","DE"
"4.88","Webtrekk","DE"
"4.88","WPP","UK"
"2.44","Alibaba","CN"
"2.44","Axel Springer","DE"
"2.44","Centro","US"
"2.44","Clickagy","US"
"2.44","Crazy Egg","US"
"2.44","Cxense","NO"
"2.44","Demandbase","US"
"2.44","Dynadmic","FR"
"2.44","Fandom","US"
"2.44","Golden Gate Capital","US"
"2.44","Gumgum","US"
"2.44","IAB Europe","BE"
"2.44","Imgix","US"
"2.44","Inmobi","IN"
"2.44","Nativo","US"
"2.44","Netflix","US"
"2.44","Nielsen Online","US"
"2.44","Optimizely","US"
"2.44","Outbrain","US"
"2.44","Permutive","UK"
"2.44","Salesforce","US"
"2.44","Signal Digital","US"
"2.44","Spot X Change","US"
"2.44","Telenor","NO"
"2.44","TrustArc","US"
"2.44","Weborama","FR"
"2.44","Wingify","IN"
"2.44","Yandex","RU"
"2.44","Yieldlab","DE"
