"percent_total","domain","owner","owner_country","owner_lineage"
"43.9","google.com","Google","US","Google > Alphabet"
"36.59","doubleclick.net","DoubleClick","US","DoubleClick > Google > Alphabet"
"36.59","gstatic.com","Google","US","Google > Alphabet"
"34.15","googletagmanager.com","Google Tag Manager","US","Google Tag Manager > Google > Alphabet"
"31.71","google-analytics.com","Google Analytics","US","Google Analytics > Google > Alphabet"
"31.71","googleapis.com","Google APIs","US","Google APIs > Google > Alphabet"
"29.27","google.ch","Google","US","Google > Alphabet"
"24.39","scorecardresearch.com","ScorecardResearch","US","ScorecardResearch > comScore"
"21.95","adnxs.com","Xandr","US","Xandr > AT&T"
"21.95","facebook.com","Facebook","US","Facebook"
"21.95","facebook.net","Facebook","US","Facebook"
"19.51","cookielaw.org","","",""
"19.51","onetrust.com","","",""
"17.07","criteo.com","Criteo","FR","Criteo"
"14.63","adform.net","AdForm","DK","AdForm"
"14.63","adsafeprotected.com","Integral Ad Science","US","Integral Ad Science"
"14.63","amazon-adsystem.com","Amazon Marketing Services","US","Amazon Marketing Services > Amazon"
"14.63","casalemedia.com","Index Exchange","CA","Index Exchange"
"14.63","googlesyndication.com","AdSense","US","AdSense > Google > Alphabet"
"14.63","googletagservices.com","Google Tag Manager","US","Google Tag Manager > Google > Alphabet"
"14.63","mpod.ch","","",""
"12.2","adition.com","Adition Technologies","DE","Adition Technologies"
"12.2","adsrvr.org","The Trade Desk","US","The Trade Desk"
"12.2","bidswitch.net","Bidswitch","US","Bidswitch > IPONWEB"
"12.2","bing.com","Bing","US","Bing > Microsoft"
"12.2","indexww.com","Index Exchange","CA","Index Exchange"
"12.2","openx.net","OpenX","US","OpenX"
"12.2","pubmatic.com","PubMatic","US","PubMatic"
"12.2","quantserve.com","Quantcast","US","Quantcast"
"12.2","twitter.com","Twitter","US","Twitter"
"9.76","3lift.com","TripleLift","US","TripleLift"
"9.76","adnxs-simple.com","","",""
"9.76","akamaized.net","Akamai","US","Akamai"
"9.76","bidr.io","Beeswax","US","Beeswax"
"9.76","chartbeat.com","Chartbeat","US","Chartbeat"
"9.76","chartbeat.net","Chartbeat","US","Chartbeat"
"9.76","contextweb.com","PulsePoint","US","PulsePoint"
"9.76","criteo.net","Criteo","FR","Criteo"
"9.76","ctnsnet.com","Crimtan","UK","Crimtan"
"9.76","da-services.ch","","",""
"9.76","demdex.net","Adobe Audience Manager","US","Adobe Audience Manager > Adobe Experience Cloud > Adobe Systems"
"9.76","dotomi.com","Dotomi","US","Dotomi > Conversant Media > Here, There & Everywhere"
"9.76","everesttech.net","Adobe Experience Cloud","US","Adobe Experience Cloud > Adobe Systems"
"9.76","loopme.me","Loopme","UK","Loopme"
"9.76","mathtag.com","Media Math","US","Media Math"
"9.76","rubiconproject.com","Rubicon Project","US","Rubicon Project"
"9.76","simpli.fi","simpli.fi","US","simpli.fi > GTCR"
"9.76","smartadserver.com","Smart AdServer","FR","Smart AdServer"
"9.76","tribalfusion.com","Tribal Fusion","US","Tribal Fusion > Exponential Advertising Intelligence"
"9.76","yahoo.com","Yahoo","US","Yahoo > Verizon Media > Verizon"
"7.32","1rx.io","Blinkx","US","Blinkx > RhythmOne > Taptica > Marimedia"
"7.32","adgrx.com","AdGear","CA","AdGear > Samsung"
"7.32","adscale.de","AdScale","DE","AdScale > Check Point"
"7.32","audrte.com","","",""
"7.32","bidtheatre.com","Bidtheatre","SE","Bidtheatre"
"7.32","cloudfront.net","Amazon","US","Amazon"
"7.32","creativecdn.com","","",""
"7.32","crwdcntrl.net","Lotame","US","Lotame"
"7.32","de17a.com","","",""
"7.32","emxdgt.com","Engine Media Exchange","US","Engine Media Exchange"
"7.32","erne.co","","",""
"7.32","fiftyt.com","Fifty Technology","UK","Fifty Technology"
"7.32","iprom.net","","",""
"7.32","jsdelivr.net","jsDelivr","US","jsDelivr > Prospect One"
"7.32","onaudience.com","OnAudience","UK","OnAudience"
"7.32","opecloud.com","","",""
"7.32","pinimg.com","Pinterest","US","Pinterest"
"7.32","pinterest.com","Pinterest","US","Pinterest"
"7.32","playground.xyz","","",""
"7.32","semasio.net","Semasio","DE","Semasio"
"7.32","sentry.io","","",""
"7.32","sharethrough.com","Sharethrough","US","Sharethrough"
"7.32","stackadapt.com","","",""
"7.32","taboola.com","Taboola","US","Taboola"
"7.32","tda.link","","",""
"7.32","tiqcdn.com","Tealium","US","Tealium"
"7.32","truffle.bid","","",""
"7.32","turn.com","Turn","US","Turn > Amobee > Singtel"
"7.32","twimg.com","Twitter","US","Twitter"
"7.32","userreport.com","","",""
"7.32","yieldmo.com","Yieldmo","US","Yieldmo"
"7.32","zeotap.com","Zeotap","DE","Zeotap"
"4.88","360yield.com","Improve Digital","NL","Improve Digital > Azerion"
"4.88","adconsole.ch","","",""
"4.88","admeira.ch","","",""
"4.88","adnz.co","","",""
"4.88","ads-twitter.com","Twitter","US","Twitter"
"4.88","amazonaws.com","Amazon Web Services","US","Amazon Web Services > Amazon"
"4.88","azure.com","","",""
"4.88","boltdns.net","","",""
"4.88","brandmetrics.com","","",""
"4.88","businessclick.ch","","",""
"4.88","clarium.io","","",""
"4.88","cloudflare.com","Cloudflare","US","Cloudflare"
"4.88","confiant-integrations.net","","",""
"4.88","cwi.re","","",""
"4.88","digitaleast.mobi","","",""
"4.88","gfx.ms","Microsoft","US","Microsoft"
"4.88","ggpht.com","Google","US","Google > Alphabet"
"4.88","googleoptimize.com","","",""
"4.88","hotjar.com","Hotjar","MT","Hotjar"
"4.88","ibillboard.com","","",""
"4.88","id5-sync.com","ID5 Technology","UK","ID5 Technology"
"4.88","js7k.com","","",""
"4.88","jwplayer.com","Longtail Ad Solutions","US","Longtail Ad Solutions"
"4.88","lijit.com","Sovrn","US","Sovrn > Federated Media"
"4.88","linkedin.com","LinkedIn","US","LinkedIn > Microsoft"
"4.88","live.com","Microsoft","US","Microsoft"
"4.88","m6r.eu","Ströer","DE","Ströer"
"4.88","media-amazon.com","Amazon","US","Amazon"
"4.88","media.net","Media.net","US","Media.net"
"4.88","microsoft.com","Microsoft","US","Microsoft"
"4.88","moatads.com","Moat","US","Moat > Oracle Data Cloud > Oracle"
"4.88","ocdn.eu","","",""
"4.88","omnitagjs.com","ADYOULIKE","US","ADYOULIKE"
"4.88","onesignal.com","","",""
"4.88","onet.pl","","",""
"4.88","opera.com","","",""
"4.88","qualtrics.com","","",""
"4.88","rfihub.com","Rocketfuel","US","Rocketfuel > Sizmek > Amazon"
"4.88","rlcdn.com","LiveRamp","US","LiveRamp > Acxiom"
"4.88","s-microsoft.com","Microsoft","US","Microsoft"
"4.88","scsstatic.ch","","",""
"4.88","srgssr.ch","","",""
"4.88","ssl-images-amazon.com","Amazon","US","Amazon"
"4.88","t.co","Twitter","US","Twitter"
"4.88","taptapnetworks.com","","",""
"4.88","teads.tv","Teads","US","Teads > Altice SA"
"4.88","w55c.net","DataXu","US","DataXu"
"4.88","yieldlove-ad-serving.net","","",""
"4.88","yieldlove.com","","",""
"4.88","yimg.com","Yahoo","US","Yahoo > Verizon Media > Verizon"
"4.88","ytimg.com","YouTube","US","YouTube > Google > Alphabet"
"4.88","zemanta.com","","",""
"2.44","9cache.com","","",""
"2.44","a2z.com","Amazon","US","Amazon"
"2.44","ad-delivery.net","","",""
"2.44","ada.support","","",""
"2.44","adentifi.com","","",""
"2.44","admedo.com","","",""
"2.44","admixer.net","","",""
"2.44","adobedtm.com","Adobe Experience Cloud","US","Adobe Experience Cloud > Adobe Systems"
"2.44","adotmob.com","","",""
"2.44","adsafety.net","","",""
"2.44","adtechus.com","ONE by Aol","US","ONE by Aol > Aol > Verizon Media > Verizon"
"2.44","advertising.com","ONE by Aol","US","ONE by Aol > Aol > Verizon Media > Verizon"
"2.44","agkn.com","Neustar Marketing","US","Neustar Marketing > Neustar > Golden Gate Capital"
"2.44","akamaihd.net","Akamai","US","Akamai"
"2.44","aliapp.org","","",""
"2.44","alibaba.com","Alibaba","CN","Alibaba"
"2.44","alicdn.com","Alibaba Cloud","CN","Alibaba Cloud > Alibaba"
"2.44","aliexpress.ru","","",""
"2.44","aliexpress.us","","",""
"2.44","amazon.com","Amazon","US","Amazon"
"2.44","ampproject.org","Amp Project","US","Amp Project > Google > Alphabet"
"2.44","appcues.com","","",""
"2.44","appcues.net","","",""
"2.44","associates-amazon.com","","",""
"2.44","avct.cloud","","",""
"2.44","awin1.com","AWIN","DE","AWIN > Axel Springer"
"2.44","b-cdn.net","","",""
"2.44","betweendigital.com","","",""
"2.44","blismedia.com","","",""
"2.44","bluekai.com","Oracle Blue Kai","US","Oracle Blue Kai > Oracle Data Cloud > Oracle"
"2.44","bluevoox.com","","",""
"2.44","bstatic.com","","",""
"2.44","btloader.com","","",""
"2.44","bytedapm.com","","",""
"2.44","byteoversea.com","","",""
"2.44","cdndex.io","","",""
"2.44","cdninstagram.com","Instagram","US","Instagram > Facebook"
"2.44","ch.ch","","",""
"2.44","clarity.ms","","",""
"2.44","clickagy.com","Clickagy","US","Clickagy"
"2.44","clinch.co","","",""
"2.44","cloudflareinsights.com","","",""
"2.44","codevelop.network","","",""
"2.44","company-target.com","Demandbase","US","Demandbase"
"2.44","conrad.ch","","",""
"2.44","consensu.org","IAB Europe","BE","IAB Europe"
"2.44","crazyegg.com","Crazy Egg","US","Crazy Egg"
"2.44","ctfassets.net","","",""
"2.44","cxense.com","Cxense","NO","Cxense"
"2.44","datadome.co","","",""
"2.44","daydeal.ch","","",""
"2.44","decibelinsight.net","","",""
"2.44","dreamlab.pl","","",""
"2.44","dyntrk.com","Dynadmic","FR","Dynadmic"
"2.44","ethinking.de","","",""
"2.44","eu-1-id5-sync.com","","",""
"2.44","fastly-insights.com","","",""
"2.44","fbcdn.net","Facebook","US","Facebook"
"2.44","fooby.ch","","",""
"2.44","fun4free.net","","",""
"2.44","gammaplatform.com","","",""
"2.44","gbucket.ch","","",""
"2.44","githubassets.com","","",""
"2.44","googleadservices.com","AdSense","US","AdSense > Google > Alphabet"
"2.44","gumgum.com","Gumgum","US","Gumgum"
"2.44","h-cdn.com","","",""
"2.44","hotjar.io","Hotjar","MT","Hotjar"
"2.44","ibytedtos.com","","",""
"2.44","imgix.net","Imgix","US","Imgix"
"2.44","imrworldwide.com","Nielsen Online","US","Nielsen Online"
"2.44","inmobi.com","Inmobi","IN","Inmobi"
"2.44","ipify.org","","",""
"2.44","ipromote.com","","",""
"2.44","ivitrack.com","","",""
"2.44","jtvnw.net","","",""
"2.44","jwpcdn.com","Longtail Ad Solutions","US","Longtail Ad Solutions"
"2.44","jwpsrv.com","Longtail Ad Solutions","US","Longtail Ad Solutions"
"2.44","kameleoon.eu","","",""
"2.44","krxd.net","Salesforce DMP","US","Salesforce DMP > Salesforce"
"2.44","kxcdn.com","","",""
"2.44","licdn.com","LinkedIn","US","LinkedIn > Microsoft"
"2.44","lkqd.net","","",""
"2.44","lp4.io","Linkpulse","NO","Linkpulse > plista > GroupM > WPP"
"2.44","mediago.io","","",""
"2.44","mediavine.com","","",""
"2.44","mfadsrvr.com","","",""
"2.44","microsoftonline.com","Microsoft","US","Microsoft"
"2.44","mmstat.com","Alimama","CN","Alimama > Alibaba"
"2.44","mookie1.com","Xaxis","US","Xaxis > GroupM > WPP"
"2.44","msauth.net","","",""
"2.44","msecnd.net","","",""
"2.44","msn.com","Microsoft","US","Microsoft"
"2.44","nflxext.com","Netflix","US","Netflix"
"2.44","nflxso.net","Netflix","US","Netflix"
"2.44","nocookie.net","Fandom","US","Fandom"
"2.44","npttech.com","","",""
"2.44","office.net","","",""
"2.44","office365.com","Microsoft","US","Microsoft"
"2.44","omtrdc.net","Adobe Experience Cloud","US","Adobe Experience Cloud > Adobe Systems"
"2.44","onetag-sys.com","","",""
"2.44","openxcdn.net","","",""
"2.44","optimizely.com","Optimizely","US","Optimizely"
"2.44","outbrain.com","Outbrain","US","Outbrain"
"2.44","paypalobjects.com","","",""
"2.44","permutive.app","","",""
"2.44","permutive.com","Permutive","UK","Permutive"
"2.44","piano.io","","",""
"2.44","placeholder.com","","",""
"2.44","plista.com","plista","DE","plista > GroupM > WPP"
"2.44","polyfill.io","","",""
"2.44","postrelease.com","Nativo","US","Nativo"
"2.44","primis.tech","","",""
"2.44","prismic.io","","",""
"2.44","privacymanager.io","","",""
"2.44","push.delivery","","",""
"2.44","px-cloud.net","","",""
"2.44","quantcast.com","Quantcast","US","Quantcast"
"2.44","quantcount.com","Quantcast","US","Quantcast"
"2.44","realtimely.io","","",""
"2.44","recaptcha.net","","",""
"2.44","redd.it","","",""
"2.44","redditmedia.com","","",""
"2.44","redditstatic.com","","",""
"2.44","redintelligence.net","","",""
"2.44","revjet.com","","",""
"2.44","ricardostatic.ch","","",""
"2.44","richaudience.com","","",""
"2.44","sc-static.net","","",""
"2.44","scene7.com","","",""
"2.44","scoota.co","","",""
"2.44","sitescout.com","SiteScout","US","SiteScout > Centro"
"2.44","skybanner.org","","",""
"2.44","skyjs.org","","",""
"2.44","smaato.net","","",""
"2.44","smadex.com","","",""
"2.44","smartclip.net","","",""
"2.44","smartstream.tv","","",""
"2.44","smilewanted.com","","",""
"2.44","snapchat.com","","",""
"2.44","socdm.com","","",""
"2.44","solvvy.com","","",""
"2.44","speedcurve.com","","",""
"2.44","sportradarserving.com","","",""
"2.44","spotxchange.com","Spot X Change","US","Spot X Change"
"2.44","srf.ch","","",""
"2.44","sstatic.net","","",""
"2.44","swisscom.ch","","",""
"2.44","swisspass.ch","","",""
"2.44","tamedia.ch","","",""
"2.44","tamedia.link","","",""
"2.44","taobao.com","Taobao","CN","Taobao > Alibaba"
"2.44","tapad.com","TapAd","US","TapAd > Telenor"
"2.44","thebrighttag.com","Signal Digital","US","Signal Digital"
"2.44","tiktok.com","","",""
"2.44","tiktokcdn-us.com","","",""
"2.44","tiktokcdn.com","","",""
"2.44","tiktokv.com","","",""
"2.44","tinypass.com","","",""
"2.44","tremorhub.com","Tremor Video","US","Tremor Video > Taptica > Marimedia"
"2.44","trustarc.com","TrustArc","US","TrustArc"
"2.44","truste.com","TrustArc","US","TrustArc"
"2.44","ttvnw.net","","",""
"2.44","ttwstatic.com","","",""
"2.44","twitchcdn.net","","",""
"2.44","typography.com","","",""
"2.44","ubimet.com","","",""
"2.44","unitycms.io","","",""
"2.44","uplynk.com","Verizon Media","US","Verizon Media > Verizon"
"2.44","visualwebsiteoptimizer.com","Visual Website Optimizer","IN","Visual Website Optimizer > Wingify"
"2.44","watsondata.ch","","",""
"2.44","wcfbc.net","Webtrekk","DE","Webtrekk"
"2.44","weborama.fr","Weborama","FR","Weborama"
"2.44","whatsapp.net","","",""
"2.44","wikia-services.com","","",""
"2.44","wisepops.com","","",""
"2.44","wt-eu02.net","Webtrekk","DE","Webtrekk"
"2.44","yahoo.net","Yahoo","US","Yahoo > Verizon Media > Verizon"
"2.44","yahoodns.net","","",""
"2.44","yandex.ru","Yandex","RU","Yandex"
"2.44","yieldlab.net","Yieldlab","DE","Yieldlab"
"2.44","youtube.com","YouTube","US","YouTube > Google > Alphabet"
"2.44","zenfs.com","","",""
