"percent_total","request","type","domain","owner","owner_country","owner_lineage"
"31.71","https://www.googletagmanager.com/gtm.js","script","googletagmanager.com","Google Tag Manager","US","Google Tag Manager > Google > Alphabet"
"26.83","https://www.google-analytics.com/analytics.js","script","google-analytics.com","Google Analytics","US","Google Analytics > Google > Alphabet"
"26.83","https://www.googletagmanager.com/gtag/js","script","googletagmanager.com","Google Tag Manager","US","Google Tag Manager > Google > Alphabet"
"21.95","https://stats.g.doubleclick.net/j/collect","xhr","doubleclick.net","DoubleClick","US","DoubleClick > Google > Alphabet"
"21.95","https://www.google.ch/ads/ga-audiences","image","google.ch","Google","US","Google > Alphabet"
"21.95","https://www.google.com/ads/ga-audiences","image","google.com","Google","US","Google > Alphabet"
"19.51","https://cdn.cookielaw.org/scripttemplates/otSDKStub.js","script","cookielaw.org","","",""
"19.51","https://connect.facebook.net/en_US/fbevents.js","script","facebook.net","Facebook","US","Facebook"
"19.51","https://geolocation.onetrust.com/cookieconsentpub/v1/geo/location","xhr","onetrust.com","","",""
"19.51","https://securepubads.g.doubleclick.net/pagead/ppub_config","xhr","doubleclick.net","DoubleClick","US","DoubleClick > Google > Alphabet"
"19.51","https://securepubads.g.doubleclick.net/tag/js/gpt.js","script","doubleclick.net","DoubleClick","US","DoubleClick > Google > Alphabet"
"19.51","https://www.facebook.com/tr/","image","facebook.com","Facebook","US","Facebook"
"17.07","https://fonts.googleapis.com/css","stylesheet","googleapis.com","Google APIs","US","Google APIs > Google > Alphabet"
"17.07","https://region1.google-analytics.com/g/collect","ping","google-analytics.com","Google Analytics","US","Google Analytics > Google > Alphabet"
"17.07","https://sb.scorecardresearch.com/b2","image","scorecardresearch.com","ScorecardResearch","US","ScorecardResearch > comScore"
"17.07","https://secure.adnxs.com/getuid","image","adnxs.com","Xandr","US","Xandr > AT&T"
"17.07","https://securepubads.g.doubleclick.net/gpt/pubads_impl_2022120501.js","script","doubleclick.net","DoubleClick","US","DoubleClick > Google > Alphabet"
"17.07","https://www.google-analytics.com/j/collect","xhr","google-analytics.com","Google Analytics","US","Google Analytics > Google > Alphabet"
"14.63","https://cm.g.doubleclick.net/pixel","image","doubleclick.net","DoubleClick","US","DoubleClick > Google > Alphabet"
"14.63","https://end.mpod.ch/b2","image","mpod.ch","","",""
"14.63","https://sb.scorecardresearch.com/b","image","scorecardresearch.com","ScorecardResearch","US","ScorecardResearch > comScore"
"14.63","https://sb.scorecardresearch.com/beacon.js","script","scorecardresearch.com","ScorecardResearch","US","ScorecardResearch > comScore"
"12.2","https://acdn.adnxs.com/dmp/async_usersync.html","document","adnxs.com","Xandr","US","Xandr > AT&T"
"12.2","https://adservice.google.ch/adsid/integrator.js","script","google.ch","Google","US","Google > Alphabet"
"12.2","https://adservice.google.com/adsid/integrator.js","script","google.com","Google","US","Google > Alphabet"
"12.2","https://c1.adform.net/serving/cookie/match","image","adform.net","AdForm","DK","AdForm"
"12.2","https://gum.criteo.com/syncframe","document","criteo.com","Criteo","FR","Criteo"
"12.2","https://ib.adnxs.com/async_usersync","script","adnxs.com","Xandr","US","Xandr > AT&T"
"12.2","https://pagead2.googlesyndication.com/bg/z7cUAtzL1u1d_2AGWF4wFgnTveRSMJLcB1xcawACHJQ.js","script","googlesyndication.com","AdSense","US","AdSense > Google > Alphabet"
"12.2","https://pagead2.googlesyndication.com/getconfig/sodar","xhr","googlesyndication.com","AdSense","US","AdSense > Google > Alphabet"
"12.2","https://pagead2.googlesyndication.com/pagead/sodar","image","googlesyndication.com","AdSense","US","AdSense > Google > Alphabet"
"12.2","https://securepubads.g.doubleclick.net/gampad/ads","xhr","doubleclick.net","DoubleClick","US","DoubleClick > Google > Alphabet"
"12.2","https://tpc.googlesyndication.com/generate_204","image","googlesyndication.com","AdSense","US","AdSense > Google > Alphabet"
"12.2","https://tpc.googlesyndication.com/sodar/sodar2.js","script","googlesyndication.com","AdSense","US","AdSense > Google > Alphabet"
"12.2","https://tpc.googlesyndication.com/sodar/sodar2/225/runner.html","document","googlesyndication.com","AdSense","US","AdSense > Google > Alphabet"
"12.2","https://www.google-analytics.com/collect","image","google-analytics.com","Google Analytics","US","Google Analytics > Google > Alphabet"
"12.2","https://www.google-analytics.com/plugins/ua/ec.js","script","google-analytics.com","Google Analytics","US","Google Analytics > Google > Alphabet"
"12.2","https://www.google.com/recaptcha/api2/aframe","document","google.com","Google","US","Google > Alphabet"
"12.2","https://www.googletagservices.com/activeview/js/current/rx_lidar.js","script","googletagservices.com","Google Tag Manager","US","Google Tag Manager > Google > Alphabet"
"12.2","https://x.bidswitch.net/sync","image","bidswitch.net","Bidswitch","US","Bidswitch > IPONWEB"
"12.2","https://x.bidswitch.net/ul_cb/sync","image","bidswitch.net","Bidswitch","US","Bidswitch > IPONWEB"
"9.76","https://accounts.google.com/gsi/status","xhr","google.com","Google","US","Google > Alphabet"
"9.76","https://ams3-ib.adnxs.com/it","image","adnxs.com","Xandr","US","Xandr > AT&T"
"9.76","https://ams3-ib.adnxs.com/rd_log","script","adnxs.com","Xandr","US","Xandr > AT&T"
"9.76","https://ams3-ib.adnxs.com/vevent","ping","adnxs.com","Xandr","US","Xandr > AT&T"
"9.76","https://cdn.adnxs.com/v/s/231/trk.js","script","adnxs.com","Xandr","US","Xandr > AT&T"
"9.76","https://cdn.adsafeprotected.com/iasPET.1.js","script","adsafeprotected.com","Integral Ad Science","US","Integral Ad Science"
"9.76","https://cdn.cookielaw.org/vendorlist/iab2Data.json","fetch","cookielaw.org","","",""
"9.76","https://cms.quantserve.com/pixel/p-25CIknq_eSg16.gif","image","quantserve.com","Quantcast","US","Quantcast"
"9.76","https://dsum-sec.casalemedia.com/crum","image","casalemedia.com","Index Exchange","CA","Index Exchange"
"9.76","https://dsum-sec.casalemedia.com/rum","image","casalemedia.com","Index Exchange","CA","Index Exchange"
"9.76","https://eu-u.openx.net/w/1.0/sd","image","openx.net","OpenX","US","OpenX"
"9.76","https://gum.criteo.com/sid/json","fetch","criteo.com","Criteo","FR","Criteo"
"9.76","https://ib.adnxs.com/ut/v3/prebid","xhr","adnxs.com","Xandr","US","Xandr > AT&T"
"9.76","https://image2.pubmatic.com/AdServer/Pug","image","pubmatic.com","PubMatic","US","PubMatic"
"9.76","https://image4.pubmatic.com/AdServer/SPug","image","pubmatic.com","PubMatic","US","PubMatic"
"9.76","https://js-sec.indexww.com/um/ixmatch.html","document","indexww.com","Index Exchange","CA","Index Exchange"
"9.76","https://match.adsrvr.org/track/cmf/generic","image","adsrvr.org","The Trade Desk","US","The Trade Desk"
"9.76","https://match.adsrvr.org/track/cmf/openx","image","adsrvr.org","The Trade Desk","US","The Trade Desk"
"9.76","https://ping.chartbeat.net/ping","image","chartbeat.net","Chartbeat","US","Chartbeat"
"9.76","https://pixel.adsafeprotected.com/services/pub","xhr","adsafeprotected.com","Integral Ad Science","US","Integral Ad Science"
"9.76","https://s.amazon-adsystem.com/dcm","image","amazon-adsystem.com","Amazon Marketing Services","US","Amazon Marketing Services > Amazon"
"9.76","https://secure.adnxs.com/bounce","image","adnxs.com","Xandr","US","Xandr > AT&T"
"9.76","https://securepubads.g.doubleclick.net/pcs/view","fetch","doubleclick.net","DoubleClick","US","DoubleClick > Google > Alphabet"
"9.76","https://simage2.pubmatic.com/AdServer/Pug","image","pubmatic.com","PubMatic","US","PubMatic"
"9.76","https://ssum-sec.casalemedia.com/usermatch","document","casalemedia.com","Index Exchange","CA","Index Exchange"
"9.76","https://static.chartbeat.com/js/chartbeat.js","script","chartbeat.com","Chartbeat","US","Chartbeat"
"9.76","https://sync.mathtag.com/sync/img","image","mathtag.com","Media Math","US","Media Math"
"9.76","https://us-u.openx.net/w/1.0/sd","image","openx.net","OpenX","US","OpenX"
"9.76","https://www.facebook.com/tr/","ping","facebook.com","Facebook","US","Facebook"
"7.32","https://a.audrte.com/match","image","audrte.com","","",""
"7.32","https://a.audrte.com/p","image","audrte.com","","",""
"7.32","https://a.tribalfusion.com/i.match","document","tribalfusion.com","Tribal Fusion","US","Tribal Fusion > Exponential Advertising Intelligence"
"7.32","https://aax-eu.amazon-adsystem.com/s/dcm","document","amazon-adsystem.com","Amazon Marketing Services","US","Amazon Marketing Services > Amazon"
"7.32","https://accounts.google.com/gsi/client","script","google.com","Google","US","Google > Alphabet"
"7.32","https://accounts.google.com/gsi/style","stylesheet","google.com","Google","US","Google > Alphabet"
"7.32","https://ad.turn.com/r/cs","image","turn.com","Turn","US","Turn > Amobee > Singtel"
"7.32","https://ads.playground.xyz/usersync/apn","image","playground.xyz","","",""
"7.32","https://ads.pubmatic.com/AdServer/js/user_sync.html","document","pubmatic.com","PubMatic","US","PubMatic"
"7.32","https://ads.pubmatic.com/AdServer/js/user_sync.html","image","pubmatic.com","PubMatic","US","PubMatic"
"7.32","https://analytics.twitter.com/i/adsct","image","twitter.com","Twitter","US","Twitter"
"7.32","https://aud.pubmatic.com/AdServer/Artemis","image","pubmatic.com","PubMatic","US","PubMatic"
"7.32","https://bat.bing.com/action/0","image","bing.com","Bing","US","Bing > Microsoft"
"7.32","https://bat.bing.com/bat.js","script","bing.com","Bing","US","Bing > Microsoft"
"7.32","https://c1.adform.net/serving/cookie/match","document","adform.net","AdForm","DK","AdForm"
"7.32","https://cdn.cookielaw.org/logos/static/poweredBy_ot_logo.svg","image","cookielaw.org","","",""
"7.32","https://cm.adgrx.com/bridge","document","adgrx.com","AdGear","CA","AdGear > Samsung"
"7.32","https://cms.quantserve.com/pixel/p-5aWVS_roA1dVM.gif","document","quantserve.com","Quantcast","US","Quantcast"
"7.32","https://connect.facebook.net/en_US/sdk.js","script","facebook.net","Facebook","US","Facebook"
"7.32","https://core.iprom.net/cookiesync","document","iprom.net","","",""
"7.32","https://csync.loopme.me/","document","loopme.me","Loopme","UK","Loopme"
"7.32","https://ct.pinterest.com/ct.html","document","pinterest.com","Pinterest","US","Pinterest"
"7.32","https://ct.pinterest.com/user/","xhr","pinterest.com","Pinterest","US","Pinterest"
"7.32","https://ct.pinterest.com/v3/","image","pinterest.com","Pinterest","US","Pinterest"
"7.32","https://d5p.de17a.com/getuid/pubmatic","document","de17a.com","","",""
"7.32","https://d5p.de17a.com/getuid/pubmatic;c","document","de17a.com","","",""
"7.32","https://dis.criteo.com/dis/usersync.aspx","document","criteo.com","Criteo","FR","Criteo"
"7.32","https://dis.criteo.com/dis/usersync.aspx","image","criteo.com","Criteo","FR","Criteo"
"7.32","https://dpm.demdex.net/demconf.jpg","image","demdex.net","Adobe Audience Manager","US","Adobe Audience Manager > Adobe Experience Cloud > Adobe Systems"
"7.32","https://dsp.adfarm1.adition.com/cookie/","document","adition.com","Adition Technologies","DE","Adition Technologies"
"7.32","https://dsum-sec.casalemedia.com/rrum","image","casalemedia.com","Index Exchange","CA","Index Exchange"
"7.32","https://dt.adsafeprotected.com/dt","image","adsafeprotected.com","Integral Ad Science","US","Integral Ad Science"
"7.32","https://fonts.gstatic.com/s/roboto/v18/KFOlCnqEu92Fr1MmEU9fBBc4.woff2","font","gstatic.com","Google","US","Google > Alphabet"
"7.32","https://fonts.gstatic.com/s/roboto/v18/KFOmCnqEu92Fr1Mu4mxK.woff2","font","gstatic.com","Google","US","Google > Alphabet"
"7.32","https://googleads.g.doubleclick.net/pagead/landing","ping","doubleclick.net","DoubleClick","US","DoubleClick > Google > Alphabet"
"7.32","https://green.erne.co/pubmatic/cm","document","erne.co","","",""
"7.32","https://hbopenbid.pubmatic.com/translator","xhr","pubmatic.com","PubMatic","US","PubMatic"
"7.32","https://htlb.casalemedia.com/openrtb/pbjs","xhr","casalemedia.com","Index Exchange","CA","Index Exchange"
"7.32","https://ib.adnxs.com/getuid","document","adnxs.com","Xandr","US","Xandr > AT&T"
"7.32","https://ib.adnxs.com/getuid","image","adnxs.com","Xandr","US","Xandr > AT&T"
"7.32","https://ib.adnxs.com/getuidj","xhr","adnxs.com","Xandr","US","Xandr > AT&T"
"7.32","https://ib.adnxs.com/getuidj?","xhr","adnxs.com","Xandr","US","Xandr > AT&T"
"7.32","https://ib.adnxs.com/ut/v3","xhr","adnxs.com","Xandr","US","Xandr > AT&T"
"7.32","https://image2.pubmatic.com/AdServer/Pug","document","pubmatic.com","PubMatic","US","PubMatic"
"7.32","https://image6.pubmatic.com/AdServer/PugMaster","script","pubmatic.com","PubMatic","US","PubMatic"
"7.32","https://ipac.ctnsnet.com/int/cm","document","ctnsnet.com","Crimtan","UK","Crimtan"
"7.32","https://mab.chartbeat.com/mab_strategy/headline_testing/get_strategy/","xhr","chartbeat.com","Chartbeat","US","Chartbeat"
"7.32","https://match.adsby.bidtheatre.com/pubmaticmatch","image","bidtheatre.com","Bidtheatre","SE","Bidtheatre"
"7.32","https://match.adsrvr.org/track/cmf/casale","image","adsrvr.org","The Trade Desk","US","The Trade Desk"
"7.32","https://match.adsrvr.org/track/cmf/generic","document","adsrvr.org","The Trade Desk","US","The Trade Desk"
"7.32","https://match.prod.bidr.io/cookie-sync/pm","document","bidr.io","Beeswax","US","Beeswax"
"7.32","https://matching.truffle.bid/sync/pub","document","truffle.bid","","",""
"7.32","https://mwzeom.zeotap.com/mw","image","zeotap.com","Zeotap","DE","Zeotap"
"7.32","https://pagead2.googlesyndication.com/pagead/gen_204","image","googlesyndication.com","AdSense","US","AdSense > Google > Alphabet"
"7.32","https://pixel-eu.onaudience.com/","document","onaudience.com","OnAudience","UK","OnAudience"
"7.32","https://pixel.adsafeprotected.com/jload","script","adsafeprotected.com","Integral Ad Science","US","Integral Ad Science"
"7.32","https://pixel.adsafeprotected.com/mon","image","adsafeprotected.com","Integral Ad Science","US","Integral Ad Science"
"7.32","https://pixel.onaudience.com/","image","onaudience.com","OnAudience","UK","OnAudience"
"7.32","https://pixel.rubiconproject.com/tap.php","image","rubiconproject.com","Rubicon Project","US","Rubicon Project"
"7.32","https://pubmatic-match.dotomi.com/match/bounce/current","image","dotomi.com","Dotomi","US","Dotomi > Conversant Media > Here, There & Everywhere"
"7.32","https://s.pinimg.com/ct/core.js","script","pinimg.com","Pinterest","US","Pinterest"
"7.32","https://s.pinimg.com/ct/lib/main.9a94ee76.js","script","pinimg.com","Pinterest","US","Pinterest"
"7.32","https://sb.scorecardresearch.com/p","image","scorecardresearch.com","ScorecardResearch","US","ScorecardResearch > comScore"
"7.32","https://securepubads.g.doubleclick.net/gpt/pubads_impl_2022120601.js","script","doubleclick.net","DoubleClick","US","DoubleClick > Google > Alphabet"
"7.32","https://securepubads.g.doubleclick.net/gpt/pubads_impl_2022120701.js","script","doubleclick.net","DoubleClick","US","DoubleClick > Google > Alphabet"
"7.32","https://simage2.pubmatic.com/AdServer/Pug","document","pubmatic.com","PubMatic","US","PubMatic"
"7.32","https://simage4.pubmatic.com/AdServer/SPug","script","pubmatic.com","PubMatic","US","PubMatic"
"7.32","https://ssum-sec.casalemedia.com/usermatchredir","image","casalemedia.com","Index Exchange","CA","Index Exchange"
"7.32","https://static.adsafeprotected.com/main.19.8.374.js","script","adsafeprotected.com","Integral Ad Science","US","Integral Ad Science"
"7.32","https://static.adsafeprotected.com/sca.17.6.2.js","script","adsafeprotected.com","Integral Ad Science","US","Integral Ad Science"
"7.32","https://static.chartbeat.com/js/chartbeat_mab.js","script","chartbeat.com","Chartbeat","US","Chartbeat"
"7.32","https://sync-tm.everesttech.net/ct/upi/pid/b9pj45k4","document","everesttech.net","Adobe Experience Cloud","US","Adobe Experience Cloud > Adobe Systems"
"7.32","https://sync-tm.everesttech.net/upi/pid/b9pj45k4","document","everesttech.net","Adobe Experience Cloud","US","Adobe Experience Cloud > Adobe Systems"
"7.32","https://sync.1rx.io/usersync2/pubmatic&gdpr=0&gdpr_consent=","document","1rx.io","Blinkx","US","Blinkx > RhythmOne > Taptica > Marimedia"
"7.32","https://sync.mathtag.com/sync/img","document","mathtag.com","Media Math","US","Media Math"
"7.32","https://sync.srv.stackadapt.com/sync","document","stackadapt.com","","",""
"7.32","https://tags.tiqcdn.com/utag/tiqapp/utag.v.js","script","tiqcdn.com","Tealium","US","Tealium"
"7.32","https://uipglob.semasio.net/pubmatic/1/info","image","semasio.net","Semasio","DE","Semasio"
"7.32","https://uipglob.semasio.net/pubmatic/1/info2","image","semasio.net","Semasio","DE","Semasio"
"7.32","https://um.simpli.fi/pubmatic","image","simpli.fi","simpli.fi","US","simpli.fi > GTCR"
"7.32","https://ups.analytics.yahoo.com/ups/58292/sync","image","yahoo.com","Yahoo","US","Yahoo > Verizon Media > Verizon"
"7.32","https://visitor.fiftyt.com/p.gif","image","fiftyt.com","Fifty Technology","UK","Fifty Technology"
"7.32","https://weather.da-services.ch/","xhr","da-services.ch","","",""
"7.32","https://www.google.com/pagead/landing","ping","google.com","Google","US","Google > Alphabet"
"7.32","https://www.gstatic.com/cv/js/sender/v1/cast_sender.js","script","gstatic.com","Google","US","Google > Alphabet"
"7.32","https://www.gstatic.com/recaptcha/releases/pn3ro1xnhf4yB8qmnrhh9iD2/styles__ltr.css","stylesheet","gstatic.com","Google","US","Google > Alphabet"
"7.32","https://zuba.prod.tda.link/v1/dakt2/dnt.json","ping","tda.link","","",""
"4.88","https://a.tribalfusion.com/i.match","image","tribalfusion.com","Tribal Fusion","US","Tribal Fusion > Exponential Advertising Intelligence"
"4.88","https://aax-eu.amazon-adsystem.com/s/dcm","image","amazon-adsystem.com","Amazon Marketing Services","US","Amazon Marketing Services > Amazon"
"4.88","https://aax-eu.amazon-adsystem.com/s/ecm3","image","amazon-adsystem.com","Amazon Marketing Services","US","Amazon Marketing Services > Amazon"
"4.88","https://aax-eu.amazon-adsystem.com/s/iu3","document","amazon-adsystem.com","Amazon Marketing Services","US","Amazon Marketing Services > Amazon"
"4.88","https://acdn.adnxs.com/mediation/noad.js","script","adnxs.com","Xandr","US","Xandr > AT&T"
"4.88","https://adnz.co/dmp/publisher.js","script","adnz.co","","",""
"4.88","https://adx.adform.net/adx/openrtb","xhr","adform.net","AdForm","DK","AdForm"
"4.88","https://ams3-ib.adnxs.com/mediation/v2/log_req","image","adnxs.com","Xandr","US","Xandr > AT&T"
"4.88","https://ams3-ib.adnxs.com/mediation/v2/log_resp","image","adnxs.com","Xandr","US","Xandr > AT&T"
"4.88","https://api.adconsole.ch/api/ws-businessclick/v2/data.json","other","adconsole.ch","","",""
"4.88","https://api.adconsole.ch/api/ws-businessclick/v2/data.json","xhr","adconsole.ch","","",""
"4.88","https://api.adconsole.ch/api/ws-contextual/page-keywords","other","adconsole.ch","","",""
"4.88","https://api.adconsole.ch/api/ws-contextual/page-keywords","xhr","adconsole.ch","","",""
"4.88","https://api.adnz.co/api/ws-convey/visitor-id","xhr","adnz.co","","",""
"4.88","https://api.adnz.co/api/ws-events-sink/batch","xhr","adnz.co","","",""
"4.88","https://artemis-cdn.ocdn.eu/artemis/0.5.1/artemis.min.js","script","ocdn.eu","","",""
"4.88","https://artemis-cdn.ocdn.eu/fp/2.5.2/fp.min.js","script","ocdn.eu","","",""
"4.88","https://b1sync.zemanta.com/usersync/index/","image","zemanta.com","","",""
"4.88","https://bbnaut.ibillboard.com/match/AdScale","image","ibillboard.com","","",""
"4.88","https://bh.contextweb.com/bh/rtset","document","contextweb.com","PulsePoint","US","PulsePoint"
"4.88","https://bh.contextweb.com/bh/rtset","image","contextweb.com","PulsePoint","US","PulsePoint"
"4.88","https://bidder.criteo.com/cdb","xhr","criteo.com","Criteo","FR","Criteo"
"4.88","https://businessclick.ch/index.js","script","businessclick.ch","","",""
"4.88","https://c.amazon-adsystem.com/aax2/apstag.js","script","amazon-adsystem.com","Amazon Marketing Services","US","Amazon Marketing Services > Amazon"
"4.88","https://c.amazon-adsystem.com/bao-csm/aps-comm/aps_csm.js","xhr","amazon-adsystem.com","Amazon Marketing Services","US","Amazon Marketing Services > Amazon"
"4.88","https://c.amazon-adsystem.com/cdn/prod/config","xhr","amazon-adsystem.com","Amazon Marketing Services","US","Amazon Marketing Services > Amazon"
"4.88","https://c.bing.com/c.gif","image","bing.com","Bing","US","Bing > Microsoft"
"4.88","https://c.s-microsoft.com/static/fonts/segoe-ui/west-european/Semibold/latest.woff2","font","s-microsoft.com","Microsoft","US","Microsoft"
"4.88","https://c.s-microsoft.com/static/fonts/segoe-ui/west-european/normal/latest.woff2","font","s-microsoft.com","Microsoft","US","Microsoft"
"4.88","https://cdn-a.yieldlove.com/v2/opt.json","xhr","yieldlove.com","","",""
"4.88","https://cdn-a.yieldlove.com/v2/yieldlove.js","script","yieldlove.com","","",""
"4.88","https://cdn.admeira.ch/adtrace/mediation.js","script","admeira.ch","","",""
"4.88","https://cdn.admeira.ch/adtrace/piggyback.js","script","admeira.ch","","",""
"4.88","https://cdn.brandmetrics.com/scripts/bundle/65568.js","script","brandmetrics.com","","",""
"4.88","https://cdn.confiant-integrations.net/V1AdEkGj8ikBdWctk6hWbb2FEvQ/gpt_and_prebid/config.js","script","confiant-integrations.net","","",""
"4.88","https://cdn.confiant-integrations.net/gptprebidnative/202211281516/wrap.js","script","confiant-integrations.net","","",""
"4.88","https://cdn.confiant-integrations.net/ringier/202211281516/wrap.js","script","confiant-integrations.net","","",""
"4.88","https://cdn.cookielaw.org/vendorlist/googleData.json","fetch","cookielaw.org","","",""
"4.88","https://cdn.indexww.com/ht/htw-pixel.gif","image","indexww.com","Index Exchange","CA","Index Exchange"
"4.88","https://cdn.jsdelivr.net/gh/prebid/currency-file@1/latest.json","xhr","jsdelivr.net","jsDelivr","US","jsDelivr > Prospect One"
"4.88","https://cdn.onesignal.com/sdks/OneSignalPageSDKES6.js","script","onesignal.com","","",""
"4.88","https://cdn.onesignal.com/sdks/OneSignalSDK.js","script","onesignal.com","","",""
"4.88","https://cdn.opecloud.com/ope-ringierch.js","script","opecloud.com","","",""
"4.88","https://cm.g.doubleclick.net/pixel","document","doubleclick.net","DoubleClick","US","DoubleClick > Google > Alphabet"
"4.88","https://connect.facebook.net/signals/plugins/identity.js","script","facebook.net","Facebook","US","Facebook"
"4.88","https://contextual.media.net/cksync.php","image","media.net","Media.net","US","Media.net"
"4.88","https://creativecdn.com/cm-notify","image","creativecdn.com","","",""
"4.88","https://csr.onet.pl/5469564/me","xhr","onet.pl","","",""
"4.88","https://csr.onet.pl/5469564/tags","xhr","onet.pl","","",""
"4.88","https://csync.loopme.me/","image","loopme.me","Loopme","UK","Loopme"
"4.88","https://dsp.adfarm1.adition.com/cookie/","image","adition.com","Adition Technologies","DE","Adition Technologies"
"4.88","https://dsum.casalemedia.com/rum","image","casalemedia.com","Index Exchange","CA","Index Exchange"
"4.88","https://e1.emxdgt.com/put","image","emxdgt.com","Engine Media Exchange","US","Engine Media Exchange"
"4.88","https://eb2.3lift.com/xuid","image","3lift.com","TripleLift","US","TripleLift"
"4.88","https://embed.cwi.re/delivery/event","other","cwi.re","","",""
"4.88","https://embed.cwi.re/delivery/event","xhr","cwi.re","","",""
"4.88","https://euexchangesync.digitaleast.mobi/usersync/index.gif","image","digitaleast.mobi","","",""
"4.88","https://eus.rubiconproject.com/usync.html","document","rubiconproject.com","Rubicon Project","US","Rubicon Project"
"4.88","https://eus.rubiconproject.com/usync.js","script","rubiconproject.com","Rubicon Project","US","Rubicon Project"
"4.88","https://events.ocdn.eu/v2/","image","ocdn.eu","","",""
"4.88","https://events.ocdn.eu/v2/","xhr","ocdn.eu","","",""
"4.88","https://events.ocdn.eu/v2/EA-5469564/me","xhr","ocdn.eu","","",""
"4.88","https://fastlane.rubiconproject.com/a/api/fastlane.json","xhr","rubiconproject.com","Rubicon Project","US","Rubicon Project"
"4.88","https://fonts.googleapis.com/css2","stylesheet","googleapis.com","Google APIs","US","Google APIs > Google > Alphabet"
"4.88","https://fonts.gstatic.com/s/i/productlogos/googleg/v6/24px.svg","image","gstatic.com","Google","US","Google > Alphabet"
"4.88","https://geo.moatads.com/n.js","script","moatads.com","Moat","US","Moat > Oracle Data Cloud > Oracle"
"4.88","https://googleads.g.doubleclick.net/dbm/ad","script","doubleclick.net","DoubleClick","US","DoubleClick > Google > Alphabet"
"4.88","https://googleads.g.doubleclick.net/xbbe/pixel","document","doubleclick.net","DoubleClick","US","DoubleClick > Google > Alphabet"
"4.88","https://hb.adscale.de/dsh","xhr","adscale.de","AdScale","DE","AdScale > Check Point"
"4.88","https://ib.adnxs.com/bounce","image","adnxs.com","Xandr","US","Xandr > AT&T"
"4.88","https://ib.adnxs.com/setuid","image","adnxs.com","Xandr","US","Xandr > AT&T"
"4.88","https://ib.adnxs.com/ut/v3","other","adnxs.com","Xandr","US","Xandr > AT&T"
"4.88","https://ih.adscale.de/map","document","adscale.de","AdScale","DE","AdScale > Check Point"
"4.88","https://ih.adscale.de/nuggad","image","adscale.de","AdScale","DE","AdScale > Check Point"
"4.88","https://ih.adscale.de/sium","fetch","adscale.de","AdScale","DE","AdScale > Check Point"
"4.88","https://ih.adscale.de/sium/429371437437189942/1437437190794/0/img","image","adscale.de","AdScale","DE","AdScale > Check Point"
"4.88","https://ih.adscale.de/userconnect","script","adscale.de","AdScale","DE","AdScale > Check Point"
"4.88","https://image8.pubmatic.com/AdServer/ImgSync","image","pubmatic.com","PubMatic","US","PubMatic"
"4.88","https://img-prod-cms-rt-microsoft-com.akamaized.net/cms/api/am/imageFileData/RE1Mu3b","image","akamaized.net","Akamai","US","Akamai"
"4.88","https://jnn-pa.googleapis.com/$rpc/google.internal.waa.v1.Waa/Create","other","googleapis.com","Google APIs","US","Google APIs > Google > Alphabet"
"4.88","https://jnn-pa.googleapis.com/$rpc/google.internal.waa.v1.Waa/Create","xhr","googleapis.com","Google APIs","US","Google APIs > Google > Alphabet"
"4.88","https://jnn-pa.googleapis.com/$rpc/google.internal.waa.v1.Waa/GenerateIT","other","googleapis.com","Google APIs","US","Google APIs > Google > Alphabet"
"4.88","https://jnn-pa.googleapis.com/$rpc/google.internal.waa.v1.Waa/GenerateIT","xhr","googleapis.com","Google APIs","US","Google APIs > Google > Alphabet"
"4.88","https://js.adscale.de/match.js","script","adscale.de","AdScale","DE","AdScale > Check Point"
"4.88","https://js.adscale.de/userconnect.js","script","adscale.de","AdScale","DE","AdScale > Check Point"
"4.88","https://js.monitor.azure.com/scripts/c/ms.shared.analytics.mectrl-3.2.6.gbl.min.js","script","azure.com","","",""
"4.88","https://m.media-amazon.com/images/G/01/csm/showads.v2.js","fetch","media-amazon.com","Amazon","US","Amazon"
"4.88","https://m.media-amazon.com/images/S/sash/2SazJx$EeTHfhMN.woff2","font","media-amazon.com","Amazon","US","Amazon"
"4.88","https://m.media-amazon.com/images/S/sash/Dv1WQ5DdeMS5qP7.woff2","font","media-amazon.com","Amazon","US","Amazon"
"4.88","https://m.media-amazon.com/images/S/sash/KFPk-9IF4FqAqY-.woff2","font","media-amazon.com","Amazon","US","Amazon"
"4.88","https://m.media-amazon.com/images/S/sash/KwhNPG8Jz-Vz2X7.woff2","font","media-amazon.com","Amazon","US","Amazon"
"4.88","https://m.media-amazon.com/images/S/sash/VjTR4RqBzY0mUYx.woff2","font","media-amazon.com","Amazon","US","Amazon"
"4.88","https://m.media-amazon.com/images/S/sash/WOnTLzkiaEccV7F.woff2","font","media-amazon.com","Amazon","US","Amazon"
"4.88","https://m.media-amazon.com/images/S/sash/ozb5-CLHQWI6Soc.woff2","font","media-amazon.com","Amazon","US","Amazon"
"4.88","https://m.media-amazon.com/images/S/sash/pDxWAF1pBB0dzGB.woff2","font","media-amazon.com","Amazon","US","Amazon"
"4.88","https://m.media-amazon.com/images/S/sash/ydDD9hnRfziI$y7.png","image","media-amazon.com","Amazon","US","Amazon"
"4.88","https://match.adsrvr.org/track/cmf/rubicon","image","adsrvr.org","The Trade Desk","US","The Trade Desk"
"4.88","https://match.prod.bidr.io/cookie-sync","document","bidr.io","Beeswax","US","Beeswax"
"4.88","https://match.prod.bidr.io/cookie-sync/adx","document","bidr.io","Beeswax","US","Beeswax"
"4.88","https://match.sharethrough.com/sync/v1","image","sharethrough.com","Sharethrough","US","Sharethrough"
"4.88","https://mem.gfx.ms/me/mecache","document","gfx.ms","Microsoft","US","Microsoft"
"4.88","https://mem.gfx.ms/meversion","script","gfx.ms","Microsoft","US","Microsoft"
"4.88","https://nugmw.userreport.com/rc-ap/0/si.nuggad.net/nuggad","script","userreport.com","","",""
"4.88","https://p.rfihub.com/cm","image","rfihub.com","Rocketfuel","US","Rocketfuel > Sizmek > Amazon"
"4.88","https://pagead2.googlesyndication.com/pcs/activeview","fetch","googlesyndication.com","AdSense","US","AdSense > Google > Alphabet"
"4.88","https://pixel.rubiconproject.com/exchange/sync.php","image","rubiconproject.com","Rubicon Project","US","Rubicon Project"
"4.88","https://pixel.rubiconproject.com/token","image","rubiconproject.com","Rubicon Project","US","Rubicon Project"
"4.88","https://platform.twitter.com/widgets.js","script","twitter.com","Twitter","US","Twitter"
"4.88","https://platform.twitter.com/widgets/widget_iframe.644279d1635fd969e87af94a98bd232b.html","document","twitter.com","Twitter","US","Twitter"
"4.88","https://pm.w55c.net/ping_match.gif","image","w55c.net","DataXu","US","DataXu"
"4.88","https://prg.smartadserver.com/prebid/v1","xhr","smartadserver.com","Smart AdServer","FR","Smart AdServer"
"4.88","https://prod-ingestion.tracking.v2.yieldlove-ad-serving.net/v2/auction","xhr","yieldlove-ad-serving.net","","",""
"4.88","https://prod-ingestion.tracking.v2.yieldlove-ad-serving.net/v2/bid","xhr","yieldlove-ad-serving.net","","",""
"4.88","https://prod-ingestion.tracking.v2.yieldlove-ad-serving.net/v2/session","xhr","yieldlove-ad-serving.net","","",""
"4.88","https://protected-by.clarium.io/pixel","image","clarium.io","","",""
"4.88","https://px.ads.linkedin.com/setuid","image","linkedin.com","LinkedIn","US","LinkedIn > Microsoft"
"4.88","https://region1.analytics.google.com/g/collect","ping","google.com","Google","US","Google > Alphabet"
"4.88","https://retail.googleapis.com/v2/projects/3199296193/locations/global/catalogs/default_catalog/userEvents:collect","image","googleapis.com","Google APIs","US","Google APIs > Google > Alphabet"
"4.88","https://ringierch.profiles.tagger.opecloud.com/v1/targeting","fetch","opecloud.com","","",""
"4.88","https://ringierch.tagger.opecloud.com/appnexus/pbfs.gif","image","opecloud.com","","",""
"4.88","https://ringierch.tagger.opecloud.com/ringierch/v2/pixel.gif","image","opecloud.com","","",""
"4.88","https://rtb-csync.smartadserver.com/redir","document","smartadserver.com","Smart AdServer","FR","Smart AdServer"
"4.88","https://rtb-csync.smartadserver.com/redir/","image","smartadserver.com","Smart AdServer","FR","Smart AdServer"
"4.88","https://rtb.openx.net/openrtbb/prebidjs","xhr","openx.net","OpenX","US","OpenX"
"4.88","https://s.tribalfusion.com/z/i.match","document","tribalfusion.com","Tribal Fusion","US","Tribal Fusion > Exponential Advertising Intelligence"
"4.88","https://s.tribalfusion.com/z/i.match","image","tribalfusion.com","Tribal Fusion","US","Tribal Fusion > Exponential Advertising Intelligence"
"4.88","https://s1.adform.net/stoat/626/s1.adform.net/bootstrap.js","script","adform.net","AdForm","DK","AdForm"
"4.88","https://sak.userreport.com/sdm/launcher.js","script","userreport.com","","",""
"4.88","https://sb.scorecardresearch.com/cs/6036016/beacon.js","script","scorecardresearch.com","ScorecardResearch","US","ScorecardResearch > comScore"
"4.88","https://sb.scorecardresearch.com/internal-cs/default/beacon.js","script","scorecardresearch.com","ScorecardResearch","US","ScorecardResearch > comScore"
"4.88","https://sb.scorecardresearch.com/p2","image","scorecardresearch.com","ScorecardResearch","US","ScorecardResearch > comScore"
"4.88","https://script.hotjar.com/modules.bc0a4c72d88d266f15af.js","script","hotjar.com","Hotjar","MT","Hotjar"
"4.88","https://sgqcvfjvr.onet.pl/YnVpbGQvezlza2x0MjIzfWRsQXBpL2RsLmxpYntOTWFzXzIyM30ubWluLmpz","script","onet.pl","","",""
"4.88","https://sgqcvfjvr.onet.pl/build/dlApi/dl.aureus.min.js","script","onet.pl","","",""
"4.88","https://sgqcvfjvr.onet.pl/build/dlApi/dl.clickmap.min.js","script","onet.pl","","",""
"4.88","https://sgqcvfjvr.onet.pl/build/dlApi/dl.cmp.min.js","script","onet.pl","","",""
"4.88","https://sonata-notifications.taptapnetworks.com/web/cookie/bidswitch/sync","image","taptapnetworks.com","","",""
"4.88","https://ssbsync.smartadserver.com/api/sync","image","smartadserver.com","Smart AdServer","FR","Smart AdServer"
"4.88","https://sslwidget.criteo.com/event","script","criteo.com","Criteo","FR","Criteo"
"4.88","https://ssum.casalemedia.com/usermatchredir","image","casalemedia.com","Index Exchange","CA","Index Exchange"
"4.88","https://static.ads-twitter.com/uwt.js","script","ads-twitter.com","Twitter","US","Twitter"
"4.88","https://static.criteo.net/js/ld/publishertag.prebid.123.js","script","criteo.net","Criteo","FR","Criteo"
"4.88","https://static.criteo.net/js/ld/publishertag.prebid.js","xhr","criteo.net","Criteo","FR","Criteo"
"4.88","https://statics-marketingsites-neu-ms-com.akamaized.net/statics/override.css","stylesheet","akamaized.net","Akamai","US","Akamai"
"4.88","https://stats.g.doubleclick.net/g/collect","ping","doubleclick.net","DoubleClick","US","DoubleClick > Google > Alphabet"
"4.88","https://sync-t1.taboola.com/sg/criteortb-network/1/rtb-h/","image","taboola.com","Taboola","US","Taboola"
"4.88","https://sync.1rx.io/usersync2/pubmatic","document","1rx.io","Blinkx","US","Blinkx > RhythmOne > Taptica > Marimedia"
"4.88","https://sync.crwdcntrl.net/map/c=14544/tp=BIDB/gdpr=0/gdpr_consent=","document","crwdcntrl.net","Lotame","US","Lotame"
"4.88","https://syndication.twitter.com/i/jot/embeds","image","twitter.com","Twitter","US","Twitter"
"4.88","https://syndication.twitter.com/settings","fetch","twitter.com","Twitter","US","Twitter"
"4.88","https://t.adx.opera.com/sync","image","opera.com","","",""
"4.88","https://t.co/i/adsct","image","t.co","Twitter","US","Twitter"
"4.88","https://tag.userreport.com/server.html","document","userreport.com","","",""
"4.88","https://tagger.opecloud.com/dbm/opecs.gif","image","opecloud.com","","",""
"4.88","https://tlx.3lift.com/header/auction","xhr","3lift.com","TripleLift","US","TripleLift"
"4.88","https://token.rubiconproject.com/token","image","rubiconproject.com","Rubicon Project","US","Rubicon Project"
"4.88","https://ton.twimg.com/onboarding/user_mood_product/verified_stroke_1.png","image","twimg.com","Twitter","US","Twitter"
"4.88","https://tpc.googlesyndication.com/pagead/js/r20221206/r20110914/abg_lite_fy2021.js","script","googlesyndication.com","AdSense","US","AdSense > Google > Alphabet"
"4.88","https://tpc.googlesyndication.com/pagead/js/r20221206/r20110914/client/qs_click_protection_fy2021.js","script","googlesyndication.com","AdSense","US","AdSense > Google > Alphabet"
"4.88","https://tpc.googlesyndication.com/pagead/js/r20221206/r20110914/client/window_focus_fy2021.js","script","googlesyndication.com","AdSense","US","AdSense > Google > Alphabet"
"4.88","https://tpc.googlesyndication.com/sodar/Enqz_20U.html","document","googlesyndication.com","AdSense","US","AdSense > Google > Alphabet"
"4.88","https://tpc.googlesyndication.com/sodar/UFYwWwmt.js","script","googlesyndication.com","AdSense","US","AdSense > Google > Alphabet"
"4.88","https://track.adform.net/adfscript/","script","adform.net","AdForm","DK","AdForm"
"4.88","https://track.adform.net/adfserve/","script","adform.net","AdForm","DK","AdForm"
"4.88","https://track.adform.net/csimpr/","ping","adform.net","AdForm","DK","AdForm"
"4.88","https://track.adform.net/serving/cookie/match/","image","adform.net","AdForm","DK","AdForm"
"4.88","https://track.adform.net/serving/unload/","ping","adform.net","AdForm","DK","AdForm"
"4.88","https://tracking-a.dsp.m6r.eu/sync/adscaleRedirect","script","m6r.eu","Ströer","DE","Ströer"
"4.88","https://tracking.m6r.eu/sync/adscaleRedirect","script","m6r.eu","Ströer","DE","Ströer"
"4.88","https://vars.hotjar.com/box-5e66f98b4ee957db209dc6f63e3d59dd.html","document","hotjar.com","Hotjar","MT","Hotjar"
"4.88","https://visitanalytics.userreport.com/hit","image","userreport.com","","",""
"4.88","https://visitor.omnitagjs.com/visitor/sync","image","omnitagjs.com","ADYOULIKE","US","ADYOULIKE"
"4.88","https://www.facebook.com/x/oauth/status","fetch","facebook.com","Facebook","US","Facebook"
"4.88","https://www.google.com/js/th/98eZ1SvQKncrIy_uxRv1pSvbmSGZ50EV24E3eut_s2o.js","script","google.com","Google","US","Google > Alphabet"
"4.88","https://www.google.com/recaptcha/api.js","script","google.com","Google","US","Google > Alphabet"
"4.88","https://www.google.com/recaptcha/api2/anchor","document","google.com","Google","US","Google > Alphabet"
"4.88","https://www.google.com/recaptcha/api2/webworker.js","other","google.com","Google","US","Google > Alphabet"
"4.88","https://www.googleoptimize.com/optimize.js","script","googleoptimize.com","","",""
"4.88","https://www.googletagservices.com/tag/js/gpt.js","script","googletagservices.com","Google Tag Manager","US","Google Tag Manager > Google > Alphabet"
"4.88","https://www.gstatic.com/og/_/js/k=og.qtm.en_US.ShY2j4tDt98.es5.O/rt=j/m=qabr,q_dnp,qcwid,qapid,qald/exm=qaaw,qadd,qaid,qein,qhaw,qhbr,qhch,qhga,qhid,qhin,qhpr/d=1/ed=1/rs=AA2YrTueGRPraIIpgjYcvaXMJSqYKlN3dg","script","gstatic.com","Google","US","Google > Alphabet"
"4.88","https://www.gstatic.com/og/_/ss/k=og.qtm.gkzfOSe2I8E.L.W.O/m=qcwid/excm=qaaw,qadd,qaid,qein,qhaw,qhbr,qhch,qhga,qhid,qhin,qhpr/d=1/ed=1/ct=zgms/rs=AA2YrTv4ABZAPsCAxAXOAHuToXBBQCh3Ig","stylesheet","gstatic.com","Google","US","Google > Alphabet"
"4.88","https://www.gstatic.com/recaptcha/api2/logo_48.png","image","gstatic.com","Google","US","Google > Alphabet"
"4.88","https://www.gstatic.com/recaptcha/releases/pn3ro1xnhf4yB8qmnrhh9iD2/recaptcha__en.js","script","gstatic.com","Google","US","Google > Alphabet"
"4.88","https://xd.adnz.co/xdomain_cookie.html","document","adnz.co","","",""
"4.88","https://xd.adnz.co/xdomain_cookie.js","script","adnz.co","","",""
"4.88","https://yieldlove-d.openx.net/w/1.0/pd","document","openx.net","OpenX","US","OpenX"
"2.44","https://20minshoppingads.s3.eu-central-1.amazonaws.com/BatonTurboWeb-Medium.34b36a55.woff2","font","amazonaws.com","Amazon Web Services","US","Amazon Web Services > Amazon"
"2.44","https://20minshoppingads.s3.eu-central-1.amazonaws.com/index.html","document","amazonaws.com","Amazon Web Services","US","Amazon Web Services > Amazon"
"2.44","https://23dfc5e1a4d430400a5bbd57a39e6a9c.safeframe.googlesyndication.com/safeframe/1-0-40/html/container.html","document","googlesyndication.com","AdSense","US","AdSense > Google > Alphabet"
"2.44","https://28ea6f65622561736ab42d4f0f8b4231.safeframe.googlesyndication.com/safeframe/1-0-40/html/container.html","document","googlesyndication.com","AdSense","US","AdSense > Google > Alphabet"
"2.44","https://2e2c22112167166aa03e610da10fbb64.safeframe.googlesyndication.com/safeframe/1-0-40/html/container.html","document","googlesyndication.com","AdSense","US","AdSense > Google > Alphabet"
"2.44","https://31846de50f652fe4320c50f80e056b9f.safeframe.googlesyndication.com/safeframe/1-0-40/html/container.html","document","googlesyndication.com","AdSense","US","AdSense > Google > Alphabet"
"2.44","https://31f6128640b97379a771c27ff3da59c4.safeframe.googlesyndication.com/safeframe/1-0-40/html/container.html","document","googlesyndication.com","AdSense","US","AdSense > Google > Alphabet"
"2.44","https://4954040.fls.doubleclick.net/activityi;dc_pre=CJ6LgtDX8_sCFWzBOwIdfvwKoQ;src=4954040;type=produ00;cat=produ0;ord=7068770698908;gtm=2wgbu0;gcs=G111;auiddc=1928838536.1670834511;u1=undefined;u2=undefined;u3=Microsoft%7CApple%7CApple%7CASUS%7CCanon%7CEA%20Games;u7=389%7C388%7C388%7C390;u8=254%7C1307%7C1307%7C265;u13=undefined;u17=undefined;~oref=https%3A%2F%2Fwww.digitec.ch%2F?","document","doubleclick.net","DoubleClick","US","DoubleClick > Google > Alphabet"
"2.44","https://4954040.fls.doubleclick.net/activityi;dc_pre=CJbd08rX8_sCFTXJOwIdau4AhQ;src=4954040;type=besuc0;cat=alleb0;ord=1278186476488;gtm=2wgbu0;gcs=G111;auiddc=1928838536.1670834511;u4=https%3A%2F%2Fwww.digitec.ch%2F;u5=undefined;u14=undefined;u15=welcome;~oref=https%3A%2F%2Fwww.digitec.ch%2F?","document","doubleclick.net","DoubleClick","US","DoubleClick > Google > Alphabet"
"2.44","https://4954040.fls.doubleclick.net/activityi;dc_pre=CJvJlM7X8_sCFWnIOwIdJMED8A;src=4954040;type=dig001;cat=retar0;ord=1752912729550;gtm=2wgbu0;gcs=G111;auiddc=1928838536.1670834511;u21=5%7C4%7C1%7C23263783%7C21997003%7C22849311%7C21913544%7C16572473%7C21996996%7C16512099;~oref=https%3A%2F%2Fwww.digitec.ch%2F?","document","doubleclick.net","DoubleClick","US","DoubleClick > Google > Alphabet"
"2.44","https://4954040.fls.doubleclick.net/activityi;dc_pre=CKHBmc7X8_sCFYWpmgodCboHrg;src=4954040;type=dig001;cat=retar0;ord=8699508212353;gtm=2wgbu0;gcs=G111;auiddc=1928838536.1670834511;u21=47%7C8%7C5%7C4%7C1%7C23263783%7C21997003%7C22849311%7C21913544%7C16572473;~oref=https%3A%2F%2Fwww.digitec.ch%2F?","document","doubleclick.net","DoubleClick","US","DoubleClick > Google > Alphabet"
"2.44","https://4954040.fls.doubleclick.net/activityi;dc_pre=CKqU9MrX8_sCFSXKOwIdhmoGMA;src=4954040;type=dig001;cat=retar0;ord=3620508460695;gtm=2wgbu0;gcs=G111;auiddc=1928838536.1670834511;u21=23263783%7C21997003%7C22849311%7C21913544%7C16572473%7C21996996%7C16512099%7C10802238%7C21993129%7C6073487;~oref=https%3A%2F%2Fwww.digitec.ch%2F?","document","doubleclick.net","DoubleClick","US","DoubleClick > Google > Alphabet"
"2.44","https://4954040.fls.doubleclick.net/activityi;dc_pre=CLDXgtDX8_sCFWnIOwIdJMED8A;src=4954040;type=dig001;cat=retar0;ord=6886672788518;gtm=2wgbu0;gcs=G111;auiddc=1928838536.1670834511;u21=22641548%7C22889516%7C23102782%7C10802238%7C21993129%7C6073487%7C47%7C8%7C5%7C4;~oref=https%3A%2F%2Fwww.digitec.ch%2F?","document","doubleclick.net","DoubleClick","US","DoubleClick > Google > Alphabet"
"2.44","https://4954040.fls.doubleclick.net/activityi;dc_pre=CLHM88rX8_sCFR_JOwIdFScGzA;src=4954040;type=besuc0;cat=produ0;ord=3275778596074;gtm=2wgbu0;gcs=G111;auiddc=1928838536.1670834511;u1=6073487%7C21993129%7C10802238%7C16512099%7C21996996%7C16572473%7C21913544%7C22849311%7C21997003%7C23263783;~oref=https%3A%2F%2Fwww.digitec.ch%2F?","document","doubleclick.net","DoubleClick","US","DoubleClick > Google > Alphabet"
"2.44","https://4954040.fls.doubleclick.net/activityi;dc_pre=CLPymM7X8_sCFRbsmgodOd8AvQ;src=4954040;type=produ00;cat=produ0;ord=1314526193610;gtm=2wgbu0;gcs=G111;auiddc=1928838536.1670834511;u1=undefined;u2=undefined;u3=;u7=;u8=;u13=undefined;u17=undefined;~oref=https%3A%2F%2Fwww.digitec.ch%2F?","document","doubleclick.net","DoubleClick","US","DoubleClick > Google > Alphabet"
"2.44","https://4954040.fls.doubleclick.net/activityi;dc_pre=CLqOl87X8_sCFR_JOwIdFScGzA;src=4954040;type=dig001;cat=retar0;ord=3343083581031;gtm=2wgbu0;gcs=G111;auiddc=1928838536.1670834511;u21=8%7C5%7C4%7C1%7C23263783%7C21997003%7C22849311%7C21913544%7C16572473%7C21996996;~oref=https%3A%2F%2Fwww.digitec.ch%2F?","document","doubleclick.net","DoubleClick","US","DoubleClick > Google > Alphabet"
"2.44","https://4954040.fls.doubleclick.net/activityi;dc_pre=CLvgk87X8_sCFWW0mgodpKAKBA;src=4954040;type=produ00;cat=produ0;ord=276120127168;gtm=2wgbu0;gcs=G111;auiddc=1928838536.1670834511;u1=undefined;u2=undefined;u3=;u7=;u8=;u13=undefined;u17=undefined;~oref=https%3A%2F%2Fwww.digitec.ch%2F?","document","doubleclick.net","DoubleClick","US","DoubleClick > Google > Alphabet"
"2.44","https://4954040.fls.doubleclick.net/activityi;dc_pre=CLzikc7X8_sCFQ_JOwIdkncI-w;src=4954040;type=dig001;cat=retar0;ord=6403662537170;gtm=2wgbu0;gcs=G111;auiddc=1928838536.1670834511;u21=4%7C1%7C23263783%7C21997003%7C22849311%7C21913544%7C16572473%7C21996996%7C16512099%7C10802238;~oref=https%3A%2F%2Fwww.digitec.ch%2F?","document","doubleclick.net","DoubleClick","US","DoubleClick > Google > Alphabet"
"2.44","https://4954040.fls.doubleclick.net/activityi;dc_pre=CN-wj87X8_sCFcrIOwIdg_MPKA;src=4954040;type=dig001;cat=retar0;ord=8746405883279;gtm=2wgbu0;gcs=G111;auiddc=1928838536.1670834511;u21=1%7C23263783%7C21997003%7C22849311%7C21913544%7C16572473%7C21996996%7C16512099%7C10802238%7C21993129;~oref=https%3A%2F%2Fwww.digitec.ch%2F?","document","doubleclick.net","DoubleClick","US","DoubleClick > Google > Alphabet"
"2.44","https://4954040.fls.doubleclick.net/activityi;dc_pre=CNvKls7X8_sCFZnomgodBcgHAQ;src=4954040;type=produ00;cat=produ0;ord=6335552388309;gtm=2wgbu0;gcs=G111;auiddc=1928838536.1670834511;u1=undefined;u2=undefined;u3=;u7=;u8=;u13=undefined;u17=undefined;~oref=https%3A%2F%2Fwww.digitec.ch%2F?","document","doubleclick.net","DoubleClick","US","DoubleClick > Google > Alphabet"
"2.44","https://4954040.fls.doubleclick.net/activityi;dc_pre=CNvZjs7X8_sCFYaUmwodpw4GOw;src=4954040;type=produ00;cat=produ0;ord=8535475975010;gtm=2wgbu0;gcs=G111;auiddc=1928838536.1670834511;u1=undefined;u2=undefined;u3=;u7=;u8=;u13=undefined;u17=undefined;~oref=https%3A%2F%2Fwww.digitec.ch%2F?","document","doubleclick.net","DoubleClick","US","DoubleClick > Google > Alphabet"
"2.44","https://4954040.fls.doubleclick.net/activityi;dc_pre=CPSXkc7X8_sCFc-ymgod2V0K8w;src=4954040;type=produ00;cat=produ0;ord=686033804084;gtm=2wgbu0;gcs=G111;auiddc=1928838536.1670834511;u1=undefined;u2=undefined;u3=;u7=;u8=;u13=undefined;u17=undefined;~oref=https%3A%2F%2Fwww.digitec.ch%2F?","document","doubleclick.net","DoubleClick","US","DoubleClick > Google > Alphabet"
"2.44","https://4954040.fls.doubleclick.net/activityi;src=4954040;type=besuc0;cat=alleb0;ord=1278186476488;gtm=2wgbu0;gcs=G111;auiddc=1928838536.1670834511;u4=https%3A%2F%2Fwww.digitec.ch%2F;u5=undefined;u14=undefined;u15=welcome;~oref=https%3A%2F%2Fwww.digitec.ch%2F?","document","doubleclick.net","DoubleClick","US","DoubleClick > Google > Alphabet"
"2.44","https://4954040.fls.doubleclick.net/activityi;src=4954040;type=besuc0;cat=produ0;ord=3275778596074;gtm=2wgbu0;gcs=G111;auiddc=1928838536.1670834511;u1=6073487%7C21993129%7C10802238%7C16512099%7C21996996%7C16572473%7C21913544%7C22849311%7C21997003%7C23263783;~oref=https%3A%2F%2Fwww.digitec.ch%2F?","document","doubleclick.net","DoubleClick","US","DoubleClick > Google > Alphabet"
"2.44","https://4954040.fls.doubleclick.net/activityi;src=4954040;type=dig001;cat=retar0;ord=1752912729550;gtm=2wgbu0;gcs=G111;auiddc=1928838536.1670834511;u21=5%7C4%7C1%7C23263783%7C21997003%7C22849311%7C21913544%7C16572473%7C21996996%7C16512099;~oref=https%3A%2F%2Fwww.digitec.ch%2F?","document","doubleclick.net","DoubleClick","US","DoubleClick > Google > Alphabet"
"2.44","https://4954040.fls.doubleclick.net/activityi;src=4954040;type=dig001;cat=retar0;ord=3343083581031;gtm=2wgbu0;gcs=G111;auiddc=1928838536.1670834511;u21=8%7C5%7C4%7C1%7C23263783%7C21997003%7C22849311%7C21913544%7C16572473%7C21996996;~oref=https%3A%2F%2Fwww.digitec.ch%2F?","document","doubleclick.net","DoubleClick","US","DoubleClick > Google > Alphabet"
"2.44","https://4954040.fls.doubleclick.net/activityi;src=4954040;type=dig001;cat=retar0;ord=3620508460695;gtm=2wgbu0;gcs=G111;auiddc=1928838536.1670834511;u21=23263783%7C21997003%7C22849311%7C21913544%7C16572473%7C21996996%7C16512099%7C10802238%7C21993129%7C6073487;~oref=https%3A%2F%2Fwww.digitec.ch%2F?","document","doubleclick.net","DoubleClick","US","DoubleClick > Google > Alphabet"
"2.44","https://4954040.fls.doubleclick.net/activityi;src=4954040;type=dig001;cat=retar0;ord=6403662537170;gtm=2wgbu0;gcs=G111;auiddc=1928838536.1670834511;u21=4%7C1%7C23263783%7C21997003%7C22849311%7C21913544%7C16572473%7C21996996%7C16512099%7C10802238;~oref=https%3A%2F%2Fwww.digitec.ch%2F?","document","doubleclick.net","DoubleClick","US","DoubleClick > Google > Alphabet"
"2.44","https://4954040.fls.doubleclick.net/activityi;src=4954040;type=dig001;cat=retar0;ord=6886672788518;gtm=2wgbu0;gcs=G111;auiddc=1928838536.1670834511;u21=22641548%7C22889516%7C23102782%7C10802238%7C21993129%7C6073487%7C47%7C8%7C5%7C4;~oref=https%3A%2F%2Fwww.digitec.ch%2F?","document","doubleclick.net","DoubleClick","US","DoubleClick > Google > Alphabet"
"2.44","https://4954040.fls.doubleclick.net/activityi;src=4954040;type=dig001;cat=retar0;ord=8699508212353;gtm=2wgbu0;gcs=G111;auiddc=1928838536.1670834511;u21=47%7C8%7C5%7C4%7C1%7C23263783%7C21997003%7C22849311%7C21913544%7C16572473;~oref=https%3A%2F%2Fwww.digitec.ch%2F?","document","doubleclick.net","DoubleClick","US","DoubleClick > Google > Alphabet"
"2.44","https://4954040.fls.doubleclick.net/activityi;src=4954040;type=dig001;cat=retar0;ord=8746405883279;gtm=2wgbu0;gcs=G111;auiddc=1928838536.1670834511;u21=1%7C23263783%7C21997003%7C22849311%7C21913544%7C16572473%7C21996996%7C16512099%7C10802238%7C21993129;~oref=https%3A%2F%2Fwww.digitec.ch%2F?","document","doubleclick.net","DoubleClick","US","DoubleClick > Google > Alphabet"
"2.44","https://4954040.fls.doubleclick.net/activityi;src=4954040;type=produ00;cat=produ0;ord=1314526193610;gtm=2wgbu0;gcs=G111;auiddc=1928838536.1670834511;u1=undefined;u2=undefined;u3=;u7=;u8=;u13=undefined;u17=undefined;~oref=https%3A%2F%2Fwww.digitec.ch%2F?","document","doubleclick.net","DoubleClick","US","DoubleClick > Google > Alphabet"
"2.44","https://4954040.fls.doubleclick.net/activityi;src=4954040;type=produ00;cat=produ0;ord=276120127168;gtm=2wgbu0;gcs=G111;auiddc=1928838536.1670834511;u1=undefined;u2=undefined;u3=;u7=;u8=;u13=undefined;u17=undefined;~oref=https%3A%2F%2Fwww.digitec.ch%2F?","document","doubleclick.net","DoubleClick","US","DoubleClick > Google > Alphabet"
"2.44","https://4954040.fls.doubleclick.net/activityi;src=4954040;type=produ00;cat=produ0;ord=6335552388309;gtm=2wgbu0;gcs=G111;auiddc=1928838536.1670834511;u1=undefined;u2=undefined;u3=;u7=;u8=;u13=undefined;u17=undefined;~oref=https%3A%2F%2Fwww.digitec.ch%2F?","document","doubleclick.net","DoubleClick","US","DoubleClick > Google > Alphabet"
"2.44","https://4954040.fls.doubleclick.net/activityi;src=4954040;type=produ00;cat=produ0;ord=686033804084;gtm=2wgbu0;gcs=G111;auiddc=1928838536.1670834511;u1=undefined;u2=undefined;u3=;u7=;u8=;u13=undefined;u17=undefined;~oref=https%3A%2F%2Fwww.digitec.ch%2F?","document","doubleclick.net","DoubleClick","US","DoubleClick > Google > Alphabet"
"2.44","https://4954040.fls.doubleclick.net/activityi;src=4954040;type=produ00;cat=produ0;ord=7068770698908;gtm=2wgbu0;gcs=G111;auiddc=1928838536.1670834511;u1=undefined;u2=undefined;u3=Microsoft%7CApple%7CApple%7CASUS%7CCanon%7CEA%20Games;u7=389%7C388%7C388%7C390;u8=254%7C1307%7C1307%7C265;u13=undefined;u17=undefined;~oref=https%3A%2F%2Fwww.digitec.ch%2F?","document","doubleclick.net","DoubleClick","US","DoubleClick > Google > Alphabet"
"2.44","https://4954040.fls.doubleclick.net/activityi;src=4954040;type=produ00;cat=produ0;ord=8535475975010;gtm=2wgbu0;gcs=G111;auiddc=1928838536.1670834511;u1=undefined;u2=undefined;u3=;u7=;u8=;u13=undefined;u17=undefined;~oref=https%3A%2F%2Fwww.digitec.ch%2F?","document","doubleclick.net","DoubleClick","US","DoubleClick > Google > Alphabet"
"2.44","https://4954644.fls.doubleclick.net/activityi;dc_pre=CIC70o7Y8_sCFXvMOwId8zgIcA;src=4954644;type=produ0;cat=produ0;ord=779493371778;gtm=2wgbu0;gcs=G111;auiddc=819884041.1670834646;u1=undefined;u2=undefined;u3=;u7=;u8=;u13=undefined;u17=undefined;~oref=https%3A%2F%2Fwww.galaxus.ch%2F?","document","doubleclick.net","DoubleClick","US","DoubleClick > Google > Alphabet"
"2.44","https://4954644.fls.doubleclick.net/activityi;dc_pre=CIPcl5DY8_sCFR3LOwIdo5MIWQ;src=4954644;type=produ0;cat=produ0;ord=223254881955;gtm=2wgbu0;gcs=G111;auiddc=819884041.1670834646;u1=undefined;u2=undefined;u3=Tony%20Perotti%7CMicrosoft%7CApple;u7=389%7C388;u8=254%7C1307;u13=undefined;u17=undefined;~oref=https%3A%2F%2Fwww.galaxus.ch%2F?","document","doubleclick.net","DoubleClick","US","DoubleClick > Google > Alphabet"
"2.44","https://4954644.fls.doubleclick.net/activityi;dc_pre=CK3TmJDY8_sCFSfLOwIdqI4Ddg;src=4954644;type=galax001;cat=retar0;ord=4273293169997;gtm=2wgbu0;gcs=G111;auiddc=819884041.1670834646;u21=625%7C1547%7C1670%7C724%7C2276%7C1983%7C2089%7C2028%7C2024%7C1146;~oref=https%3A%2F%2Fwww.galaxus.ch%2F?","document","doubleclick.net","DoubleClick","US","DoubleClick > Google > Alphabet"
"2.44","https://4954644.fls.doubleclick.net/activityi;dc_pre=CKeD-orY8_sCFb3EOwIdqeEGiQ;src=4954644;type=galax0;cat=alleb0;ord=4366642307299;gtm=2wgbu0;gcs=G111;auiddc=819884041.1670834646;u4=https%3A%2F%2Fwww.galaxus.ch%2F;u5=undefined;u14=undefined;u15=welcome;~oref=https%3A%2F%2Fwww.galaxus.ch%2F?","document","doubleclick.net","DoubleClick","US","DoubleClick > Google > Alphabet"
"2.44","https://4954644.fls.doubleclick.net/activityi;dc_pre=CLKpz47Y8_sCFfjIOwIdBJcLkA;src=4954644;type=produ0;cat=produ0;ord=8364315549130;gtm=2wgbu0;gcs=G111;auiddc=819884041.1670834646;u1=undefined;u2=undefined;u3=;u7=;u8=;u13=undefined;u17=undefined;~oref=https%3A%2F%2Fwww.galaxus.ch%2F?","document","doubleclick.net","DoubleClick","US","DoubleClick > Google > Alphabet"
"2.44","https://4954644.fls.doubleclick.net/activityi;dc_pre=CLTp247Y8_sCFcrIOwIdg_MPKA;src=4954644;type=produ0;cat=produ0;ord=7661485424892;gtm=2wgbu0;gcs=G111;auiddc=819884041.1670834646;u1=undefined;u2=undefined;u3=;u7=;u8=;u13=undefined;u17=undefined;~oref=https%3A%2F%2Fwww.galaxus.ch%2F?","document","doubleclick.net","DoubleClick","US","DoubleClick > Google > Alphabet"
"2.44","https://4954644.fls.doubleclick.net/activityi;dc_pre=CLeQ0I7Y8_sCFSfLOwIdqI4Ddg;src=4954644;type=galax001;cat=retar0;ord=326059905620;gtm=2wgbu0;gcs=G111;auiddc=819884041.1670834646;u21=625%7C1547%7C1670%7C724%7C2276%7C1983%7C2089%7C2028%7C2024%7C1146;~oref=https%3A%2F%2Fwww.galaxus.ch%2F?","document","doubleclick.net","DoubleClick","US","DoubleClick > Google > Alphabet"
"2.44","https://4954644.fls.doubleclick.net/activityi;dc_pre=CLut1Y7Y8_sCFZOfmgodN4MMQQ;src=4954644;type=produ0;cat=produ0;ord=9224721495581;gtm=2wgbu0;gcs=G111;auiddc=819884041.1670834646;u1=undefined;u2=undefined;u3=;u7=;u8=;u13=undefined;u17=undefined;~oref=https%3A%2F%2Fwww.galaxus.ch%2F?","document","doubleclick.net","DoubleClick","US","DoubleClick > Google > Alphabet"
"2.44","https://4954644.fls.doubleclick.net/activityi;dc_pre=CLvJ2I7Y8_sCFQaMmwodH4sDkw;src=4954644;type=produ0;cat=produ0;ord=9919571106219;gtm=2wgbu0;gcs=G111;auiddc=819884041.1670834646;u1=undefined;u2=undefined;u3=;u7=;u8=;u13=undefined;u17=undefined;~oref=https%3A%2F%2Fwww.galaxus.ch%2F?","document","doubleclick.net","DoubleClick","US","DoubleClick > Google > Alphabet"
"2.44","https://4954644.fls.doubleclick.net/activityi;dc_pre=CNDz7o3Y8_sCFRVoxgodfSYKhA;src=4954644;type=galax001;cat=retar0;ord=1381346391554;gtm=2wgbu0;gcs=G111;auiddc=819884041.1670834646;u21=625%7C1547%7C1670%7C724%7C2276%7C1983%7C2089%7C2028%7C2024%7C1146;~oref=https%3A%2F%2Fwww.galaxus.ch%2F?","document","doubleclick.net","DoubleClick","US","DoubleClick > Google > Alphabet"
"2.44","https://4954644.fls.doubleclick.net/activityi;dc_pre=CNGs2Y7Y8_sCFVfIOwIdynEETw;src=4954644;type=galax001;cat=retar0;ord=8907907184305;gtm=2wgbu0;gcs=G111;auiddc=819884041.1670834646;u21=625%7C1547%7C1670%7C724%7C2276%7C1983%7C2089%7C2028%7C2024%7C1146;~oref=https%3A%2F%2Fwww.galaxus.ch%2F?","document","doubleclick.net","DoubleClick","US","DoubleClick > Google > Alphabet"
"2.44","https://4954644.fls.doubleclick.net/activityi;dc_pre=CNWH047Y8_sCFRzBOwIdI4YKgA;src=4954644;type=galax001;cat=retar0;ord=2190974984979;gtm=2wgbu0;gcs=G111;auiddc=819884041.1670834646;u21=625%7C1547%7C1670%7C724%7C2276%7C1983%7C2089%7C2028%7C2024%7C1146;~oref=https%3A%2F%2Fwww.galaxus.ch%2F?","document","doubleclick.net","DoubleClick","US","DoubleClick > Google > Alphabet"
"2.44","https://4954644.fls.doubleclick.net/activityi;dc_pre=CNWXg4vY8_sCFTrDOwIdcawBPw;src=4954644;type=galax0;cat=produ0;ord=8853308428318;gtm=2wgbu0;gcs=G111;auiddc=819884041.1670834646;u1=22995651%7C6073487%7C21993129%7C20669280%7C15612698%7C10802238%7C16512099%7C21996996%7C16572473%7C21913544;~oref=https%3A%2F%2Fwww.galaxus.ch%2F?","document","doubleclick.net","DoubleClick","US","DoubleClick > Google > Alphabet"
"2.44","https://4954644.fls.doubleclick.net/activityi;dc_pre=CNzZg4vY8_sCFVfIOwIdynEETw;src=4954644;type=galax001;cat=retar0;ord=3438460181373;gtm=2wgbu0;gcs=G111;auiddc=819884041.1670834646;u21=21913544%7C16572473%7C21996996%7C16512099%7C10802238%7C15612698%7C20669280%7C21993129%7C6073487%7C22995651;~oref=https%3A%2F%2Fwww.galaxus.ch%2F?","document","doubleclick.net","DoubleClick","US","DoubleClick > Google > Alphabet"
"2.44","https://4954644.fls.doubleclick.net/activityi;dc_pre=COSl1o7Y8_sCFZPkmgodCGYODQ;src=4954644;type=galax001;cat=retar0;ord=7807735131164;gtm=2wgbu0;gcs=G111;auiddc=819884041.1670834646;u21=625%7C1547%7C1670%7C724%7C2276%7C1983%7C2089%7C2028%7C2024%7C1146;~oref=https%3A%2F%2Fwww.galaxus.ch%2F?","document","doubleclick.net","DoubleClick","US","DoubleClick > Google > Alphabet"
"2.44","https://4954644.fls.doubleclick.net/activityi;dc_pre=COrj3I7Y8_sCFYWdmgodI_gFlg;src=4954644;type=galax001;cat=retar0;ord=9882373382811;gtm=2wgbu0;gcs=G111;auiddc=819884041.1670834646;u21=625%7C1547%7C1670%7C724%7C2276%7C1983%7C2089%7C2028%7C2024%7C1146;~oref=https%3A%2F%2Fwww.galaxus.ch%2F?","document","doubleclick.net","DoubleClick","US","DoubleClick > Google > Alphabet"
"2.44","https://4954644.fls.doubleclick.net/activityi;dc_pre=CPCJ7o3Y8_sCFYWdmgodI_gFlg;src=4954644;type=produ0;cat=produ0;ord=1890113106670;gtm=2wgbu0;gcs=G111;auiddc=819884041.1670834646;u1=undefined;u2=undefined;u3=;u7=;u8=;u13=undefined;u17=undefined;~oref=https%3A%2F%2Fwww.galaxus.ch%2F?","document","doubleclick.net","DoubleClick","US","DoubleClick > Google > Alphabet"
"2.44","https://4954644.fls.doubleclick.net/activityi;src=4954644;type=galax001;cat=retar0;ord=1381346391554;gtm=2wgbu0;gcs=G111;auiddc=819884041.1670834646;u21=625%7C1547%7C1670%7C724%7C2276%7C1983%7C2089%7C2028%7C2024%7C1146;~oref=https%3A%2F%2Fwww.galaxus.ch%2F?","document","doubleclick.net","DoubleClick","US","DoubleClick > Google > Alphabet"
"2.44","https://4954644.fls.doubleclick.net/activityi;src=4954644;type=galax001;cat=retar0;ord=2190974984979;gtm=2wgbu0;gcs=G111;auiddc=819884041.1670834646;u21=625%7C1547%7C1670%7C724%7C2276%7C1983%7C2089%7C2028%7C2024%7C1146;~oref=https%3A%2F%2Fwww.galaxus.ch%2F?","document","doubleclick.net","DoubleClick","US","DoubleClick > Google > Alphabet"
"2.44","https://4954644.fls.doubleclick.net/activityi;src=4954644;type=galax001;cat=retar0;ord=326059905620;gtm=2wgbu0;gcs=G111;auiddc=819884041.1670834646;u21=625%7C1547%7C1670%7C724%7C2276%7C1983%7C2089%7C2028%7C2024%7C1146;~oref=https%3A%2F%2Fwww.galaxus.ch%2F?","document","doubleclick.net","DoubleClick","US","DoubleClick > Google > Alphabet"
"2.44","https://4954644.fls.doubleclick.net/activityi;src=4954644;type=galax001;cat=retar0;ord=3438460181373;gtm=2wgbu0;gcs=G111;auiddc=819884041.1670834646;u21=21913544%7C16572473%7C21996996%7C16512099%7C10802238%7C15612698%7C20669280%7C21993129%7C6073487%7C22995651;~oref=https%3A%2F%2Fwww.galaxus.ch%2F?","document","doubleclick.net","DoubleClick","US","DoubleClick > Google > Alphabet"
"2.44","https://4954644.fls.doubleclick.net/activityi;src=4954644;type=galax001;cat=retar0;ord=4273293169997;gtm=2wgbu0;gcs=G111;auiddc=819884041.1670834646;u21=625%7C1547%7C1670%7C724%7C2276%7C1983%7C2089%7C2028%7C2024%7C1146;~oref=https%3A%2F%2Fwww.galaxus.ch%2F?","document","doubleclick.net","DoubleClick","US","DoubleClick > Google > Alphabet"
"2.44","https://4954644.fls.doubleclick.net/activityi;src=4954644;type=galax001;cat=retar0;ord=7807735131164;gtm=2wgbu0;gcs=G111;auiddc=819884041.1670834646;u21=625%7C1547%7C1670%7C724%7C2276%7C1983%7C2089%7C2028%7C2024%7C1146;~oref=https%3A%2F%2Fwww.galaxus.ch%2F?","document","doubleclick.net","DoubleClick","US","DoubleClick > Google > Alphabet"
"2.44","https://4954644.fls.doubleclick.net/activityi;src=4954644;type=galax001;cat=retar0;ord=8907907184305;gtm=2wgbu0;gcs=G111;auiddc=819884041.1670834646;u21=625%7C1547%7C1670%7C724%7C2276%7C1983%7C2089%7C2028%7C2024%7C1146;~oref=https%3A%2F%2Fwww.galaxus.ch%2F?","document","doubleclick.net","DoubleClick","US","DoubleClick > Google > Alphabet"
"2.44","https://4954644.fls.doubleclick.net/activityi;src=4954644;type=galax001;cat=retar0;ord=9882373382811;gtm=2wgbu0;gcs=G111;auiddc=819884041.1670834646;u21=625%7C1547%7C1670%7C724%7C2276%7C1983%7C2089%7C2028%7C2024%7C1146;~oref=https%3A%2F%2Fwww.galaxus.ch%2F?","document","doubleclick.net","DoubleClick","US","DoubleClick > Google > Alphabet"
"2.44","https://4954644.fls.doubleclick.net/activityi;src=4954644;type=galax0;cat=alleb0;ord=4366642307299;gtm=2wgbu0;gcs=G111;auiddc=819884041.1670834646;u4=https%3A%2F%2Fwww.galaxus.ch%2F;u5=undefined;u14=undefined;u15=welcome;~oref=https%3A%2F%2Fwww.galaxus.ch%2F?","document","doubleclick.net","DoubleClick","US","DoubleClick > Google > Alphabet"
"2.44","https://4954644.fls.doubleclick.net/activityi;src=4954644;type=galax0;cat=produ0;ord=8853308428318;gtm=2wgbu0;gcs=G111;auiddc=819884041.1670834646;u1=22995651%7C6073487%7C21993129%7C20669280%7C15612698%7C10802238%7C16512099%7C21996996%7C16572473%7C21913544;~oref=https%3A%2F%2Fwww.galaxus.ch%2F?","document","doubleclick.net","DoubleClick","US","DoubleClick > Google > Alphabet"
"2.44","https://4954644.fls.doubleclick.net/activityi;src=4954644;type=produ0;cat=produ0;ord=1890113106670;gtm=2wgbu0;gcs=G111;auiddc=819884041.1670834646;u1=undefined;u2=undefined;u3=;u7=;u8=;u13=undefined;u17=undefined;~oref=https%3A%2F%2Fwww.galaxus.ch%2F?","document","doubleclick.net","DoubleClick","US","DoubleClick > Google > Alphabet"
"2.44","https://4954644.fls.doubleclick.net/activityi;src=4954644;type=produ0;cat=produ0;ord=223254881955;gtm=2wgbu0;gcs=G111;auiddc=819884041.1670834646;u1=undefined;u2=undefined;u3=Tony%20Perotti%7CMicrosoft%7CApple;u7=389%7C388;u8=254%7C1307;u13=undefined;u17=undefined;~oref=https%3A%2F%2Fwww.galaxus.ch%2F?","document","doubleclick.net","DoubleClick","US","DoubleClick > Google > Alphabet"
"2.44","https://4954644.fls.doubleclick.net/activityi;src=4954644;type=produ0;cat=produ0;ord=7661485424892;gtm=2wgbu0;gcs=G111;auiddc=819884041.1670834646;u1=undefined;u2=undefined;u3=;u7=;u8=;u13=undefined;u17=undefined;~oref=https%3A%2F%2Fwww.galaxus.ch%2F?","document","doubleclick.net","DoubleClick","US","DoubleClick > Google > Alphabet"
"2.44","https://4954644.fls.doubleclick.net/activityi;src=4954644;type=produ0;cat=produ0;ord=779493371778;gtm=2wgbu0;gcs=G111;auiddc=819884041.1670834646;u1=undefined;u2=undefined;u3=;u7=;u8=;u13=undefined;u17=undefined;~oref=https%3A%2F%2Fwww.galaxus.ch%2F?","document","doubleclick.net","DoubleClick","US","DoubleClick > Google > Alphabet"
"2.44","https://4954644.fls.doubleclick.net/activityi;src=4954644;type=produ0;cat=produ0;ord=8364315549130;gtm=2wgbu0;gcs=G111;auiddc=819884041.1670834646;u1=undefined;u2=undefined;u3=;u7=;u8=;u13=undefined;u17=undefined;~oref=https%3A%2F%2Fwww.galaxus.ch%2F?","document","doubleclick.net","DoubleClick","US","DoubleClick > Google > Alphabet"
"2.44","https://4954644.fls.doubleclick.net/activityi;src=4954644;type=produ0;cat=produ0;ord=9224721495581;gtm=2wgbu0;gcs=G111;auiddc=819884041.1670834646;u1=undefined;u2=undefined;u3=;u7=;u8=;u13=undefined;u17=undefined;~oref=https%3A%2F%2Fwww.galaxus.ch%2F?","document","doubleclick.net","DoubleClick","US","DoubleClick > Google > Alphabet"
"2.44","https://4954644.fls.doubleclick.net/activityi;src=4954644;type=produ0;cat=produ0;ord=9919571106219;gtm=2wgbu0;gcs=G111;auiddc=819884041.1670834646;u1=undefined;u2=undefined;u3=;u7=;u8=;u13=undefined;u17=undefined;~oref=https%3A%2F%2Fwww.galaxus.ch%2F?","document","doubleclick.net","DoubleClick","US","DoubleClick > Google > Alphabet"
"2.44","https://4cf62b8de4a463c667bd2d1e65b39285.safeframe.googlesyndication.com/safeframe/1-0-40/html/container.html","document","googlesyndication.com","AdSense","US","AdSense > Google > Alphabet"
"2.44","https://67875727420b195e4fe3ac224fb6641f.safeframe.googlesyndication.com/safeframe/1-0-40/html/container.html","document","googlesyndication.com","AdSense","US","AdSense > Google > Alphabet"
"2.44","https://79a217570316825339e82422821a74bf.safeframe.googlesyndication.com/safeframe/1-0-40/html/container.html","document","googlesyndication.com","AdSense","US","AdSense > Google > Alphabet"
"2.44","https://8230918b-a7dd-44fb-a85a-7ff990c4d151.edge.permutive.app/8230918b-a7dd-44fb-a85a-7ff990c4d151-web.js","script","permutive.app","","",""
"2.44","https://8d1b68b5d4de2e518847c3eeca8320ed.safeframe.googlesyndication.com/safeframe/1-0-40/html/container.html","document","googlesyndication.com","AdSense","US","AdSense > Google > Alphabet"
"2.44","https://9918228.fls.doubleclick.net/activityi;dc_pre=CMbcq8_W8_sCFZLMOwIdR4AJCw;src=9918228;type=blick0;cat=blick00b;dc_lat=;dc_rdid=;tag_for_child_directed_treatment=;tfua=;npa=;ord=1;num=8358410458885.009?","document","doubleclick.net","DoubleClick","US","DoubleClick > Google > Alphabet"
"2.44","https://9918228.fls.doubleclick.net/activityi;src=9918228;type=blick0;cat=blick00b;dc_lat=;dc_rdid=;tag_for_child_directed_treatment=;tfua=;npa=;ord=1;num=8358410458885.009?","document","doubleclick.net","DoubleClick","US","DoubleClick > Google > Alphabet"
"2.44","https://a.sportradarserving.com/sync","image","sportradarserving.com","","",""
"2.44","https://a.sportradarserving.com/ul_cb/sync","image","sportradarserving.com","","",""
"2.44","https://a.teads.tv/analytics/tag.js","script","teads.tv","Teads","US","Teads > Altice SA"
"2.44","https://a.thumbs.redditmedia.com/-eR7pbMu34Y4JXs8vV4phcBO-wjB7ksp__LWMgqDfb4.png","image","redditmedia.com","","",""
"2.44","https://a.thumbs.redditmedia.com/BVWD9r3V0gcd-qc345bpnipcdeyl47vAuf0IQWZ1Os0.png","image","redditmedia.com","","",""
"2.44","https://a.thumbs.redditmedia.com/kIpBoUR8zJLMQlF8azhN-kSBsjVUidHjvZNLuHDONm8.png","image","redditmedia.com","","",""
"2.44","https://a.thumbs.redditmedia.com/tbLwsQpnObxDoRK-zP_O5-vAgnYemyDmGFSqyUVe5s0.png","image","redditmedia.com","","",""
"2.44","https://a20673560014.cdn.optimizely.com/client_storage/a20673560014.html","document","optimizely.com","Optimizely","US","Optimizely"
"2.44","https://a5248.casalemedia.com/impression/v1","image","casalemedia.com","Index Exchange","CA","Index Exchange"
"2.44","https://aa.agkn.com/adscores/g.pixel","image","agkn.com","Neustar Marketing","US","Neustar Marketing > Neustar > Golden Gate Capital"
"2.44","https://aax-dtb-cf.amazon-adsystem.com/e/dtb/bid","xhr","amazon-adsystem.com","Amazon Marketing Services","US","Amazon Marketing Services > Amazon"
"2.44","https://aax-eu.amazon-adsystem.com/e/dtb/admi","document","amazon-adsystem.com","Amazon Marketing Services","US","Amazon Marketing Services > Amazon"
"2.44","https://aax-eu.amazon-adsystem.com/e/dtb/imp","image","amazon-adsystem.com","Amazon Marketing Services","US","Amazon Marketing Services > Amazon"
"2.44","https://aax-eu.amazon-adsystem.com/s/ecm3","document","amazon-adsystem.com","Amazon Marketing Services","US","Amazon Marketing Services > Amazon"
"2.44","https://aax-eu.amazon-adsystem.com/s/iu3","image","amazon-adsystem.com","Amazon Marketing Services","US","Amazon Marketing Services > Amazon"
"2.44","https://aax-eu.amazon-adsystem.com/s/v3/pr","document","amazon-adsystem.com","Amazon Marketing Services","US","Amazon Marketing Services > Amazon"
"2.44","https://aax-eu.amazon-adsystem.com/s/x/ae12848777b41970a5f2","image","amazon-adsystem.com","Amazon Marketing Services","US","Amazon Marketing Services > Amazon"
"2.44","https://aax-eu.amazon-adsystem.com/x/px/JL2rl71Gfw4Q3mwi5fP_01EAAAGFBXWr_gMAABObAQBOL0EgICAgICAgICAgICBOL0EgICAgICAgICAgICC2qz5u/%7B%22adCsm%22:[%7B%22ns%22:1670833879711,%22st%22:%22177.00%22,%22re%22:%22192.50%22,%22ldTot%22:%2215.50%22%7D,%7B%22lteu%22:%220.10%22,%22ltut%22:%220.00%22,%22ltpq%22:%220.00%22,%22csmTot%22:%221.00%22%7D],%22pixelId%22:%220thpca5p3xx%22,%22ts%22:1670833882696,%22ver%22:%22r-1.30%22%7D","image","amazon-adsystem.com","Amazon Marketing Services","US","Amazon Marketing Services > Amazon"
"2.44","https://aax-eu.amazon-adsystem.com/x/px/JL2rl71Gfw4Q3mwi5fP_01EAAAGFBXWr_gMAABObAQBOL0EgICAgICAgICAgICBOL0EgICAgICAgICAgICC2qz5u/atf/%7B%22atf%22:false,%22f%22:0.1,%22vs%22:%22visible%22,%22ah%22:404,%22aw%22:300,%22ts%22:1670833880233,%22bn%22:false,%22pixelId%22:%220thpca5p3xx%22,%22ver%22:%22r-1.30%22%7D","image","amazon-adsystem.com","Amazon Marketing Services","US","Amazon Marketing Services > Amazon"
"2.44","https://aax-eu.amazon-adsystem.com/x/px/JL2rl71Gfw4Q3mwi5fP_01EAAAGFBXWr_gMAABObAQBOL0EgICAgICAgICAgICBOL0EgICAgICAgICAgICC2qz5u/v/%7B%22v%22:%7B%22p%22:0,%22t%22:0,%22def%22:%22amzn%22%7D,%22vs%22:%22visible%22,%22ah%22:404,%22aw%22:300,%22ttv%22:0.47,%22ts%22:1670833880233,%22bn%22:false,%22pixelId%22:%220thpca5p3xx%22,%22ver%22:%22r-1.30%22%7D","image","amazon-adsystem.com","Amazon Marketing Services","US","Amazon Marketing Services > Amazon"
"2.44","https://aax.amazon-adsystem.com/x/px/JL2rl71Gfw4Q3mwi5fP_01EAAAGFBXWr_gMAABObAQBOL0EgICAgICAgICAgICBOL0EgICAgICAgICAgICC2qz5u/%7B%22adCsm%22:[%7B%22tld%22:%229gag.com%22%7D,%7B%22vfrd%22:4,%22dbg%22:%22nomime%22%7D,%7B%22ns%22:1670833879529,%22st%22:%22182.90%22,%22re%22:%22197.50%22,%22ldTot%22:%2214.60%22%7D,%7B%22lteu%22:%220.00%22,%22ltut%22:%220.00%22,%22ltpq%22:%220.00%22,%22lths%22:%220.10%22,%22ltpm%22:%220.20%22,%22ltdm%22:%220.50%22,%22ltdb%22:%220.00%22,%22csmTot%22:%221.50%22%7D],%22pixelId%22:%2230xymelhg8g%22,%22ts%22:1670833879855,%22ver%22:%22d-1.20%22%7D","image","amazon-adsystem.com","Amazon Marketing Services","US","Amazon Marketing Services > Amazon"
"2.44","https://abs-0.twimg.com/emoji/v2/svg/1f1eb-1f1f7.svg","image","twimg.com","Twitter","US","Twitter"
"2.44","https://abs-0.twimg.com/emoji/v2/svg/1f1f3-1f1f1.svg","image","twimg.com","Twitter","US","Twitter"
"2.44","https://abs-0.twimg.com/emoji/v2/svg/1f329.svg","image","twimg.com","Twitter","US","Twitter"
"2.44","https://abs-0.twimg.com/emoji/v2/svg/1f3f4-e0067-e0062-e0065-e006e-e0067-e007f.svg","image","twimg.com","Twitter","US","Twitter"
"2.44","https://abs-0.twimg.com/emoji/v2/svg/1f410.svg","image","twimg.com","Twitter","US","Twitter"
"2.44","https://abs-0.twimg.com/emoji/v2/svg/1f48e.svg","image","twimg.com","Twitter","US","Twitter"
"2.44","https://abs-0.twimg.com/emoji/v2/svg/1f4f2.svg","image","twimg.com","Twitter","US","Twitter"
"2.44","https://abs-0.twimg.com/emoji/v2/svg/1f51c.svg","image","twimg.com","Twitter","US","Twitter"
"2.44","https://abs-0.twimg.com/emoji/v2/svg/1f602.svg","image","twimg.com","Twitter","US","Twitter"
"2.44","https://abs-0.twimg.com/emoji/v2/svg/1f64c.svg","image","twimg.com","Twitter","US","Twitter"
"2.44","https://abs-0.twimg.com/emoji/v2/svg/1f64f.svg","image","twimg.com","Twitter","US","Twitter"
"2.44","https://abs-0.twimg.com/emoji/v2/svg/1f981.svg","image","twimg.com","Twitter","US","Twitter"
"2.44","https://abs-0.twimg.com/emoji/v2/svg/2764.svg","image","twimg.com","Twitter","US","Twitter"
"2.44","https://abs.twimg.com/fonts/v2/chirp-bold-web.woff","font","twimg.com","Twitter","US","Twitter"
"2.44","https://abs.twimg.com/fonts/v2/chirp-heavy-web.woff","font","twimg.com","Twitter","US","Twitter"
"2.44","https://abs.twimg.com/fonts/v2/chirp-medium-web.woff","font","twimg.com","Twitter","US","Twitter"
"2.44","https://abs.twimg.com/fonts/v2/chirp-regular-web.woff","font","twimg.com","Twitter","US","Twitter"
"2.44","https://abs.twimg.com/hashflags/FIFA_World_Cup_FifaWorldCup_Nov_2022/FIFA_World_Cup_FifaWorldCup_Nov_2022.png","image","twimg.com","Twitter","US","Twitter"
"2.44","https://abs.twimg.com/responsive-web/client-web/bundle.Explore.0240ddca.js","script","twimg.com","Twitter","US","Twitter"
"2.44","https://abs.twimg.com/responsive-web/client-web/bundle.NetworkInstrument.e3c1692a.js","script","twimg.com","Twitter","US","Twitter"
"2.44","https://abs.twimg.com/responsive-web/client-web/feature-switch-manifest.ff22a7ea.js","script","twimg.com","Twitter","US","Twitter"
"2.44","https://abs.twimg.com/responsive-web/client-web/i18n/en.c27d91da.js","script","twimg.com","Twitter","US","Twitter"
"2.44","https://abs.twimg.com/responsive-web/client-web/loader.AbsolutePower.90678d8a.js","script","twimg.com","Twitter","US","Twitter"
"2.44","https://abs.twimg.com/responsive-web/client-web/loader.AppModules.1f46129a.js","script","twimg.com","Twitter","US","Twitter"
"2.44","https://abs.twimg.com/responsive-web/client-web/loader.AudioDock.c4e21d0a.js","script","twimg.com","Twitter","US","Twitter"
"2.44","https://abs.twimg.com/responsive-web/client-web/loader.AudioOnlyVideoPlayer.f230142a.js","script","twimg.com","Twitter","US","Twitter"
"2.44","https://abs.twimg.com/responsive-web/client-web/loader.HWCard.799b7d6a.js","script","twimg.com","Twitter","US","Twitter"
"2.44","https://abs.twimg.com/responsive-web/client-web/loader.NewTweetsPill.2fbd3aba.js","script","twimg.com","Twitter","US","Twitter"
"2.44","https://abs.twimg.com/responsive-web/client-web/loader.SideNav.91afb51a.js","script","twimg.com","Twitter","US","Twitter"
"2.44","https://abs.twimg.com/responsive-web/client-web/loader.TimelineRenderer.b2fa6caa.js","script","twimg.com","Twitter","US","Twitter"
"2.44","https://abs.twimg.com/responsive-web/client-web/loader.TweetCurationActionMenu.b2c7a23a.js","script","twimg.com","Twitter","US","Twitter"
"2.44","https://abs.twimg.com/responsive-web/client-web/loader.Typeahead.0328e18a.js","script","twimg.com","Twitter","US","Twitter"
"2.44","https://abs.twimg.com/responsive-web/client-web/loader.richScribeAction.2996526a.js","script","twimg.com","Twitter","US","Twitter"
"2.44","https://abs.twimg.com/responsive-web/client-web/loaders.video.PlayerHls1.1.7c9203ba.js","script","twimg.com","Twitter","US","Twitter"
"2.44","https://abs.twimg.com/responsive-web/client-web/loaders.video.VideoPlayerDefaultUI.3282e13a.js","script","twimg.com","Twitter","US","Twitter"
"2.44","https://abs.twimg.com/responsive-web/client-web/main.d8350e9a.js","script","twimg.com","Twitter","US","Twitter"
"2.44","https://abs.twimg.com/responsive-web/client-web/ondemand.BranchSdk.9a70ed7a.js","script","twimg.com","Twitter","US","Twitter"
"2.44","https://abs.twimg.com/responsive-web/client-web/ondemand.DividerHandler.5dcc9b5a.js","script","twimg.com","Twitter","US","Twitter"
"2.44","https://abs.twimg.com/responsive-web/client-web/ondemand.Dropdown.0144d07a.js","script","twimg.com","Twitter","US","Twitter"
"2.44","https://abs.twimg.com/responsive-web/client-web/ondemand.EventSummaryHandler.33f7bd1a.js","script","twimg.com","Twitter","US","Twitter"
"2.44","https://abs.twimg.com/responsive-web/client-web/ondemand.FooterLoader.aaa9a06a.js","script","twimg.com","Twitter","US","Twitter"
"2.44","https://abs.twimg.com/responsive-web/client-web/ondemand.ImpressionPlaceholderHandler.64dc18ca.js","script","twimg.com","Twitter","US","Twitter"
"2.44","https://abs.twimg.com/responsive-web/client-web/ondemand.InlinePlayer.ca4d256a.js","script","twimg.com","Twitter","US","Twitter"
"2.44","https://abs.twimg.com/responsive-web/client-web/ondemand.LottieWeb.2a17e33a.js","script","twimg.com","Twitter","US","Twitter"
"2.44","https://abs.twimg.com/responsive-web/client-web/ondemand.ModuleHeader.dbd7098a.js","script","twimg.com","Twitter","US","Twitter"
"2.44","https://abs.twimg.com/responsive-web/client-web/ondemand.ScoreEventSummaryHandler.c80d436a.js","script","twimg.com","Twitter","US","Twitter"
"2.44","https://abs.twimg.com/responsive-web/client-web/ondemand.TimelineCardHandler.6fc7021a.js","script","twimg.com","Twitter","US","Twitter"
"2.44","https://abs.twimg.com/responsive-web/client-web/ondemand.TopicFollowPromptHandler.e179534a.js","script","twimg.com","Twitter","US","Twitter"
"2.44","https://abs.twimg.com/responsive-web/client-web/ondemand.TrendHandler.d54c858a.js","script","twimg.com","Twitter","US","Twitter"
"2.44","https://abs.twimg.com/responsive-web/client-web/ondemand.emoji.en.a1a9b8ea.js","script","twimg.com","Twitter","US","Twitter"
"2.44","https://abs.twimg.com/responsive-web/client-web/ondemand.tweetHandler.3472001a.js","script","twimg.com","Twitter","US","Twitter"
"2.44","https://abs.twimg.com/responsive-web/client-web/shared~bundle.Articles~bundle.AudioSpaceDetail~bundle.AudioSpaceDiscovery~bundle.AudioSpacebarScreen~bundle.B.c8dc742a.js","script","twimg.com","Twitter","US","Twitter"
"2.44","https://abs.twimg.com/responsive-web/client-web/shared~bundle.AudioSpaceDetail~bundle.AudioSpaceDiscovery~bundle.AudioSpacebarScreen~bundle.Birdwatch~bundle..79ee19da.js","script","twimg.com","Twitter","US","Twitter"
"2.44","https://abs.twimg.com/responsive-web/client-web/shared~bundle.Birdwatch~bundle.Compose~bundle.RichTextCompose~bundle.Settings~bundle.Display~bundle.Ocf~bundl.0996bf8a.js","script","twimg.com","Twitter","US","Twitter"
"2.44","https://abs.twimg.com/responsive-web/client-web/shared~bundle.Birdwatch~bundle.Explore~bundle.Topics.2c38f16a.js","script","twimg.com","Twitter","US","Twitter"
"2.44","https://abs.twimg.com/responsive-web/client-web/shared~bundle.Birdwatch~ondemand.inlineTombstoneHandler~ondemand.tweetHandler.d10f55ba.js","script","twimg.com","Twitter","US","Twitter"
"2.44","https://abs.twimg.com/responsive-web/client-web/shared~bundle.ComposeMedia~bundle.TwitterArticles~loaders.video.VideoPlayer~loaders.video.PlayerBase~loader.M.12d916ba.js","script","twimg.com","Twitter","US","Twitter"
"2.44","https://abs.twimg.com/responsive-web/client-web/shared~bundle.Conversation.d7f244da.js","script","twimg.com","Twitter","US","Twitter"
