"percent_total","request","type","domain","owner","owner_country","owner_lineage"
"31.71","https://www.googletagmanager.com/gtm.js","script","googletagmanager.com","Google Tag Manager","US","Google Tag Manager > Google > Alphabet"
"26.83","https://www.google-analytics.com/analytics.js","script","google-analytics.com","Google Analytics","US","Google Analytics > Google > Alphabet"
"26.83","https://www.googletagmanager.com/gtag/js","script","googletagmanager.com","Google Tag Manager","US","Google Tag Manager > Google > Alphabet"
"19.51","https://cdn.cookielaw.org/scripttemplates/otSDKStub.js","script","cookielaw.org","","",""
"19.51","https://connect.facebook.net/en_US/fbevents.js","script","facebook.net","Facebook","US","Facebook"
"19.51","https://securepubads.g.doubleclick.net/tag/js/gpt.js","script","doubleclick.net","DoubleClick","US","DoubleClick > Google > Alphabet"
"17.07","https://securepubads.g.doubleclick.net/gpt/pubads_impl_2022120501.js","script","doubleclick.net","DoubleClick","US","DoubleClick > Google > Alphabet"
"14.63","https://sb.scorecardresearch.com/beacon.js","script","scorecardresearch.com","ScorecardResearch","US","ScorecardResearch > comScore"
"12.2","https://adservice.google.ch/adsid/integrator.js","script","google.ch","Google","US","Google > Alphabet"
"12.2","https://adservice.google.com/adsid/integrator.js","script","google.com","Google","US","Google > Alphabet"
"12.2","https://ib.adnxs.com/async_usersync","script","adnxs.com","Xandr","US","Xandr > AT&T"
"12.2","https://pagead2.googlesyndication.com/bg/z7cUAtzL1u1d_2AGWF4wFgnTveRSMJLcB1xcawACHJQ.js","script","googlesyndication.com","AdSense","US","AdSense > Google > Alphabet"
"12.2","https://tpc.googlesyndication.com/sodar/sodar2.js","script","googlesyndication.com","AdSense","US","AdSense > Google > Alphabet"
"12.2","https://www.google-analytics.com/plugins/ua/ec.js","script","google-analytics.com","Google Analytics","US","Google Analytics > Google > Alphabet"
"12.2","https://www.googletagservices.com/activeview/js/current/rx_lidar.js","script","googletagservices.com","Google Tag Manager","US","Google Tag Manager > Google > Alphabet"
"9.76","https://ams3-ib.adnxs.com/rd_log","script","adnxs.com","Xandr","US","Xandr > AT&T"
"9.76","https://cdn.adnxs.com/v/s/231/trk.js","script","adnxs.com","Xandr","US","Xandr > AT&T"
"9.76","https://cdn.adsafeprotected.com/iasPET.1.js","script","adsafeprotected.com","Integral Ad Science","US","Integral Ad Science"
"9.76","https://static.chartbeat.com/js/chartbeat.js","script","chartbeat.com","Chartbeat","US","Chartbeat"
"7.32","https://accounts.google.com/gsi/client","script","google.com","Google","US","Google > Alphabet"
"7.32","https://bat.bing.com/bat.js","script","bing.com","Bing","US","Bing > Microsoft"
"7.32","https://connect.facebook.net/en_US/sdk.js","script","facebook.net","Facebook","US","Facebook"
"7.32","https://image6.pubmatic.com/AdServer/PugMaster","script","pubmatic.com","PubMatic","US","PubMatic"
"7.32","https://pixel.adsafeprotected.com/jload","script","adsafeprotected.com","Integral Ad Science","US","Integral Ad Science"
"7.32","https://s.pinimg.com/ct/core.js","script","pinimg.com","Pinterest","US","Pinterest"
"7.32","https://s.pinimg.com/ct/lib/main.9a94ee76.js","script","pinimg.com","Pinterest","US","Pinterest"
"7.32","https://securepubads.g.doubleclick.net/gpt/pubads_impl_2022120601.js","script","doubleclick.net","DoubleClick","US","DoubleClick > Google > Alphabet"
"7.32","https://securepubads.g.doubleclick.net/gpt/pubads_impl_2022120701.js","script","doubleclick.net","DoubleClick","US","DoubleClick > Google > Alphabet"
"7.32","https://simage4.pubmatic.com/AdServer/SPug","script","pubmatic.com","PubMatic","US","PubMatic"
"7.32","https://static.adsafeprotected.com/main.19.8.374.js","script","adsafeprotected.com","Integral Ad Science","US","Integral Ad Science"
"7.32","https://static.adsafeprotected.com/sca.17.6.2.js","script","adsafeprotected.com","Integral Ad Science","US","Integral Ad Science"
"7.32","https://static.chartbeat.com/js/chartbeat_mab.js","script","chartbeat.com","Chartbeat","US","Chartbeat"
"7.32","https://tags.tiqcdn.com/utag/tiqapp/utag.v.js","script","tiqcdn.com","Tealium","US","Tealium"
"7.32","https://www.gstatic.com/cv/js/sender/v1/cast_sender.js","script","gstatic.com","Google","US","Google > Alphabet"
"4.88","https://acdn.adnxs.com/mediation/noad.js","script","adnxs.com","Xandr","US","Xandr > AT&T"
"4.88","https://adnz.co/dmp/publisher.js","script","adnz.co","","",""
"4.88","https://artemis-cdn.ocdn.eu/artemis/0.5.1/artemis.min.js","script","ocdn.eu","","",""
"4.88","https://artemis-cdn.ocdn.eu/fp/2.5.2/fp.min.js","script","ocdn.eu","","",""
"4.88","https://businessclick.ch/index.js","script","businessclick.ch","","",""
"4.88","https://c.amazon-adsystem.com/aax2/apstag.js","script","amazon-adsystem.com","Amazon Marketing Services","US","Amazon Marketing Services > Amazon"
"4.88","https://cdn-a.yieldlove.com/v2/yieldlove.js","script","yieldlove.com","","",""
"4.88","https://cdn.admeira.ch/adtrace/mediation.js","script","admeira.ch","","",""
"4.88","https://cdn.admeira.ch/adtrace/piggyback.js","script","admeira.ch","","",""
"4.88","https://cdn.brandmetrics.com/scripts/bundle/65568.js","script","brandmetrics.com","","",""
"4.88","https://cdn.confiant-integrations.net/V1AdEkGj8ikBdWctk6hWbb2FEvQ/gpt_and_prebid/config.js","script","confiant-integrations.net","","",""
"4.88","https://cdn.confiant-integrations.net/gptprebidnative/202211281516/wrap.js","script","confiant-integrations.net","","",""
"4.88","https://cdn.confiant-integrations.net/ringier/202211281516/wrap.js","script","confiant-integrations.net","","",""
"4.88","https://cdn.onesignal.com/sdks/OneSignalPageSDKES6.js","script","onesignal.com","","",""
"4.88","https://cdn.onesignal.com/sdks/OneSignalSDK.js","script","onesignal.com","","",""
"4.88","https://cdn.opecloud.com/ope-ringierch.js","script","opecloud.com","","",""
"4.88","https://connect.facebook.net/signals/plugins/identity.js","script","facebook.net","Facebook","US","Facebook"
"4.88","https://eus.rubiconproject.com/usync.js","script","rubiconproject.com","Rubicon Project","US","Rubicon Project"
"4.88","https://geo.moatads.com/n.js","script","moatads.com","Moat","US","Moat > Oracle Data Cloud > Oracle"
"4.88","https://googleads.g.doubleclick.net/dbm/ad","script","doubleclick.net","DoubleClick","US","DoubleClick > Google > Alphabet"
"4.88","https://ih.adscale.de/userconnect","script","adscale.de","AdScale","DE","AdScale > Check Point"
"4.88","https://js.adscale.de/match.js","script","adscale.de","AdScale","DE","AdScale > Check Point"
"4.88","https://js.adscale.de/userconnect.js","script","adscale.de","AdScale","DE","AdScale > Check Point"
"4.88","https://js.monitor.azure.com/scripts/c/ms.shared.analytics.mectrl-3.2.6.gbl.min.js","script","azure.com","","",""
"4.88","https://mem.gfx.ms/meversion","script","gfx.ms","Microsoft","US","Microsoft"
"4.88","https://nugmw.userreport.com/rc-ap/0/si.nuggad.net/nuggad","script","userreport.com","","",""
"4.88","https://platform.twitter.com/widgets.js","script","twitter.com","Twitter","US","Twitter"
"4.88","https://s1.adform.net/stoat/626/s1.adform.net/bootstrap.js","script","adform.net","AdForm","DK","AdForm"
"4.88","https://sak.userreport.com/sdm/launcher.js","script","userreport.com","","",""
"4.88","https://sb.scorecardresearch.com/cs/6036016/beacon.js","script","scorecardresearch.com","ScorecardResearch","US","ScorecardResearch > comScore"
"4.88","https://sb.scorecardresearch.com/internal-cs/default/beacon.js","script","scorecardresearch.com","ScorecardResearch","US","ScorecardResearch > comScore"
"4.88","https://script.hotjar.com/modules.bc0a4c72d88d266f15af.js","script","hotjar.com","Hotjar","MT","Hotjar"
"4.88","https://sgqcvfjvr.onet.pl/YnVpbGQvezlza2x0MjIzfWRsQXBpL2RsLmxpYntOTWFzXzIyM30ubWluLmpz","script","onet.pl","","",""
"4.88","https://sgqcvfjvr.onet.pl/build/dlApi/dl.aureus.min.js","script","onet.pl","","",""
"4.88","https://sgqcvfjvr.onet.pl/build/dlApi/dl.clickmap.min.js","script","onet.pl","","",""
"4.88","https://sgqcvfjvr.onet.pl/build/dlApi/dl.cmp.min.js","script","onet.pl","","",""
"4.88","https://sslwidget.criteo.com/event","script","criteo.com","Criteo","FR","Criteo"
"4.88","https://static.ads-twitter.com/uwt.js","script","ads-twitter.com","Twitter","US","Twitter"
"4.88","https://static.criteo.net/js/ld/publishertag.prebid.123.js","script","criteo.net","Criteo","FR","Criteo"
"4.88","https://tpc.googlesyndication.com/pagead/js/r20221206/r20110914/abg_lite_fy2021.js","script","googlesyndication.com","AdSense","US","AdSense > Google > Alphabet"
"4.88","https://tpc.googlesyndication.com/pagead/js/r20221206/r20110914/client/qs_click_protection_fy2021.js","script","googlesyndication.com","AdSense","US","AdSense > Google > Alphabet"
"4.88","https://tpc.googlesyndication.com/pagead/js/r20221206/r20110914/client/window_focus_fy2021.js","script","googlesyndication.com","AdSense","US","AdSense > Google > Alphabet"
"4.88","https://tpc.googlesyndication.com/sodar/UFYwWwmt.js","script","googlesyndication.com","AdSense","US","AdSense > Google > Alphabet"
"4.88","https://track.adform.net/adfscript/","script","adform.net","AdForm","DK","AdForm"
"4.88","https://track.adform.net/adfserve/","script","adform.net","AdForm","DK","AdForm"
"4.88","https://tracking-a.dsp.m6r.eu/sync/adscaleRedirect","script","m6r.eu","Ströer","DE","Ströer"
"4.88","https://tracking.m6r.eu/sync/adscaleRedirect","script","m6r.eu","Ströer","DE","Ströer"
"4.88","https://www.google.com/js/th/98eZ1SvQKncrIy_uxRv1pSvbmSGZ50EV24E3eut_s2o.js","script","google.com","Google","US","Google > Alphabet"
"4.88","https://www.google.com/recaptcha/api.js","script","google.com","Google","US","Google > Alphabet"
"4.88","https://www.googleoptimize.com/optimize.js","script","googleoptimize.com","","",""
"4.88","https://www.googletagservices.com/tag/js/gpt.js","script","googletagservices.com","Google Tag Manager","US","Google Tag Manager > Google > Alphabet"
"4.88","https://www.gstatic.com/og/_/js/k=og.qtm.en_US.ShY2j4tDt98.es5.O/rt=j/m=qabr,q_dnp,qcwid,qapid,qald/exm=qaaw,qadd,qaid,qein,qhaw,qhbr,qhch,qhga,qhid,qhin,qhpr/d=1/ed=1/rs=AA2YrTueGRPraIIpgjYcvaXMJSqYKlN3dg","script","gstatic.com","Google","US","Google > Alphabet"
"4.88","https://www.gstatic.com/recaptcha/releases/pn3ro1xnhf4yB8qmnrhh9iD2/recaptcha__en.js","script","gstatic.com","Google","US","Google > Alphabet"
"4.88","https://xd.adnz.co/xdomain_cookie.js","script","adnz.co","","",""
"2.44","https://8230918b-a7dd-44fb-a85a-7ff990c4d151.edge.permutive.app/8230918b-a7dd-44fb-a85a-7ff990c4d151-web.js","script","permutive.app","","",""
"2.44","https://a.teads.tv/analytics/tag.js","script","teads.tv","Teads","US","Teads > Altice SA"
"2.44","https://abs.twimg.com/responsive-web/client-web/bundle.Explore.0240ddca.js","script","twimg.com","Twitter","US","Twitter"
"2.44","https://abs.twimg.com/responsive-web/client-web/bundle.NetworkInstrument.e3c1692a.js","script","twimg.com","Twitter","US","Twitter"
"2.44","https://abs.twimg.com/responsive-web/client-web/feature-switch-manifest.ff22a7ea.js","script","twimg.com","Twitter","US","Twitter"
"2.44","https://abs.twimg.com/responsive-web/client-web/i18n/en.c27d91da.js","script","twimg.com","Twitter","US","Twitter"
"2.44","https://abs.twimg.com/responsive-web/client-web/loader.AbsolutePower.90678d8a.js","script","twimg.com","Twitter","US","Twitter"
"2.44","https://abs.twimg.com/responsive-web/client-web/loader.AppModules.1f46129a.js","script","twimg.com","Twitter","US","Twitter"
"2.44","https://abs.twimg.com/responsive-web/client-web/loader.AudioDock.c4e21d0a.js","script","twimg.com","Twitter","US","Twitter"
"2.44","https://abs.twimg.com/responsive-web/client-web/loader.AudioOnlyVideoPlayer.f230142a.js","script","twimg.com","Twitter","US","Twitter"
"2.44","https://abs.twimg.com/responsive-web/client-web/loader.HWCard.799b7d6a.js","script","twimg.com","Twitter","US","Twitter"
"2.44","https://abs.twimg.com/responsive-web/client-web/loader.NewTweetsPill.2fbd3aba.js","script","twimg.com","Twitter","US","Twitter"
"2.44","https://abs.twimg.com/responsive-web/client-web/loader.SideNav.91afb51a.js","script","twimg.com","Twitter","US","Twitter"
"2.44","https://abs.twimg.com/responsive-web/client-web/loader.TimelineRenderer.b2fa6caa.js","script","twimg.com","Twitter","US","Twitter"
"2.44","https://abs.twimg.com/responsive-web/client-web/loader.TweetCurationActionMenu.b2c7a23a.js","script","twimg.com","Twitter","US","Twitter"
"2.44","https://abs.twimg.com/responsive-web/client-web/loader.Typeahead.0328e18a.js","script","twimg.com","Twitter","US","Twitter"
"2.44","https://abs.twimg.com/responsive-web/client-web/loader.richScribeAction.2996526a.js","script","twimg.com","Twitter","US","Twitter"
"2.44","https://abs.twimg.com/responsive-web/client-web/loaders.video.PlayerHls1.1.7c9203ba.js","script","twimg.com","Twitter","US","Twitter"
"2.44","https://abs.twimg.com/responsive-web/client-web/loaders.video.VideoPlayerDefaultUI.3282e13a.js","script","twimg.com","Twitter","US","Twitter"
"2.44","https://abs.twimg.com/responsive-web/client-web/main.d8350e9a.js","script","twimg.com","Twitter","US","Twitter"
"2.44","https://abs.twimg.com/responsive-web/client-web/ondemand.BranchSdk.9a70ed7a.js","script","twimg.com","Twitter","US","Twitter"
"2.44","https://abs.twimg.com/responsive-web/client-web/ondemand.DividerHandler.5dcc9b5a.js","script","twimg.com","Twitter","US","Twitter"
"2.44","https://abs.twimg.com/responsive-web/client-web/ondemand.Dropdown.0144d07a.js","script","twimg.com","Twitter","US","Twitter"
"2.44","https://abs.twimg.com/responsive-web/client-web/ondemand.EventSummaryHandler.33f7bd1a.js","script","twimg.com","Twitter","US","Twitter"
"2.44","https://abs.twimg.com/responsive-web/client-web/ondemand.FooterLoader.aaa9a06a.js","script","twimg.com","Twitter","US","Twitter"
"2.44","https://abs.twimg.com/responsive-web/client-web/ondemand.ImpressionPlaceholderHandler.64dc18ca.js","script","twimg.com","Twitter","US","Twitter"
"2.44","https://abs.twimg.com/responsive-web/client-web/ondemand.InlinePlayer.ca4d256a.js","script","twimg.com","Twitter","US","Twitter"
"2.44","https://abs.twimg.com/responsive-web/client-web/ondemand.LottieWeb.2a17e33a.js","script","twimg.com","Twitter","US","Twitter"
"2.44","https://abs.twimg.com/responsive-web/client-web/ondemand.ModuleHeader.dbd7098a.js","script","twimg.com","Twitter","US","Twitter"
"2.44","https://abs.twimg.com/responsive-web/client-web/ondemand.ScoreEventSummaryHandler.c80d436a.js","script","twimg.com","Twitter","US","Twitter"
"2.44","https://abs.twimg.com/responsive-web/client-web/ondemand.TimelineCardHandler.6fc7021a.js","script","twimg.com","Twitter","US","Twitter"
"2.44","https://abs.twimg.com/responsive-web/client-web/ondemand.TopicFollowPromptHandler.e179534a.js","script","twimg.com","Twitter","US","Twitter"
"2.44","https://abs.twimg.com/responsive-web/client-web/ondemand.TrendHandler.d54c858a.js","script","twimg.com","Twitter","US","Twitter"
"2.44","https://abs.twimg.com/responsive-web/client-web/ondemand.emoji.en.a1a9b8ea.js","script","twimg.com","Twitter","US","Twitter"
"2.44","https://abs.twimg.com/responsive-web/client-web/ondemand.tweetHandler.3472001a.js","script","twimg.com","Twitter","US","Twitter"
"2.44","https://abs.twimg.com/responsive-web/client-web/shared~bundle.Articles~bundle.AudioSpaceDetail~bundle.AudioSpaceDiscovery~bundle.AudioSpacebarScreen~bundle.B.c8dc742a.js","script","twimg.com","Twitter","US","Twitter"
"2.44","https://abs.twimg.com/responsive-web/client-web/shared~bundle.AudioSpaceDetail~bundle.AudioSpaceDiscovery~bundle.AudioSpacebarScreen~bundle.Birdwatch~bundle..79ee19da.js","script","twimg.com","Twitter","US","Twitter"
"2.44","https://abs.twimg.com/responsive-web/client-web/shared~bundle.Birdwatch~bundle.Compose~bundle.RichTextCompose~bundle.Settings~bundle.Display~bundle.Ocf~bundl.0996bf8a.js","script","twimg.com","Twitter","US","Twitter"
"2.44","https://abs.twimg.com/responsive-web/client-web/shared~bundle.Birdwatch~bundle.Explore~bundle.Topics.2c38f16a.js","script","twimg.com","Twitter","US","Twitter"
"2.44","https://abs.twimg.com/responsive-web/client-web/shared~bundle.Birdwatch~ondemand.inlineTombstoneHandler~ondemand.tweetHandler.d10f55ba.js","script","twimg.com","Twitter","US","Twitter"
"2.44","https://abs.twimg.com/responsive-web/client-web/shared~bundle.ComposeMedia~bundle.TwitterArticles~loaders.video.VideoPlayer~loaders.video.PlayerBase~loader.M.12d916ba.js","script","twimg.com","Twitter","US","Twitter"
"2.44","https://abs.twimg.com/responsive-web/client-web/shared~bundle.Conversation.d7f244da.js","script","twimg.com","Twitter","US","Twitter"
"2.44","https://abs.twimg.com/responsive-web/client-web/shared~bundle.LiveEvent~bundle.Report~bundle.UserMoments~ondemand.EventSummaryHandler~ondemand.MomentSummaryH.1564651a.js","script","twimg.com","Twitter","US","Twitter"
"2.44","https://abs.twimg.com/responsive-web/client-web/shared~loader.AudioDock~bundle.AudioSpacePeek~bundle.AudioSpaceAnalytics~bundle.AudioSpaceReport~bundle.Birdw.628971ca.js","script","twimg.com","Twitter","US","Twitter"
"2.44","https://abs.twimg.com/responsive-web/client-web/shared~loader.AudioDock~loader.DMDrawer~bundle.AudioSpacePeek~bundle.AudioSpaceAnalytics~bundle.AudioSpaceRep.7f0de60a.js","script","twimg.com","Twitter","US","Twitter"
"2.44","https://abs.twimg.com/responsive-web/client-web/shared~loader.DMDrawer~bundle.Birdwatch~bundle.Compose~bundle.RichTextCompose~bundle.DirectMessages~bundle.DM.cdb5cf2a.js","script","twimg.com","Twitter","US","Twitter"
"2.44","https://abs.twimg.com/responsive-web/client-web/shared~loader.DMDrawer~bundle.Compose~bundle.RichTextCompose~bundle.DirectMessages~bundle.DMRichTextCompose~b.89711bba.js","script","twimg.com","Twitter","US","Twitter"
"2.44","https://abs.twimg.com/responsive-web/client-web/shared~loader.DMDrawer~bundle.Compose~bundle.RichTextCompose~bundle.DirectMessages~bundle.DMRichTextCompose~l.f865925a.js","script","twimg.com","Twitter","US","Twitter"
"2.44","https://abs.twimg.com/responsive-web/client-web/shared~loader.Typeahead~bundle.Communities~bundle.Delegate~bundle.Ocf~bundle.LoggedOutHome~bundle.Search~bund.e80aa80a.js","script","twimg.com","Twitter","US","Twitter"
"2.44","https://abs.twimg.com/responsive-web/client-web/shared~loader.Typeahead~bundle.LoggedOutHome~bundle.Search.ed652b6a.js","script","twimg.com","Twitter","US","Twitter"
"2.44","https://abs.twimg.com/responsive-web/client-web/shared~loader.Typeahead~loader.DMDrawer~bundle.AudioSpaceDiscovery~bundle.Communities~bundle.Compose~bundle.R.bed0ea3a.js","script","twimg.com","Twitter","US","Twitter"
"2.44","https://abs.twimg.com/responsive-web/client-web/shared~loader.Typeahead~loader.DMDrawer~bundle.Communities~bundle.Compose~bundle.RichTextCompose~bundle.Deleg.a8df5c5a.js","script","twimg.com","Twitter","US","Twitter"
"2.44","https://abs.twimg.com/responsive-web/client-web/shared~loader.Typeahead~loader.DMDrawer~bundle.Communities~bundle.Delegate~bundle.DirectMessages~bundle.DMRic.ebdc44aa.js","script","twimg.com","Twitter","US","Twitter"
"2.44","https://abs.twimg.com/responsive-web/client-web/shared~loaders.video.VideoPlayerDefaultUI~loader.MediaPreviewVideoPlayer~loaders.video.VideoPlayerEventsUI.3e4d8faa.js","script","twimg.com","Twitter","US","Twitter"
"2.44","https://abs.twimg.com/responsive-web/client-web/shared~loaders.video.VideoPlayerDefaultUI~loaders.video.VideoPlayerEventsUI.0524cdda.js","script","twimg.com","Twitter","US","Twitter"
"2.44","https://abs.twimg.com/responsive-web/client-web/shared~loaders.video.VideoPlayerDefaultUI~loaders.video.VideoPlayerHashtagHighlightUI~loaders.video.VideoPlay.381692aa.js","script","twimg.com","Twitter","US","Twitter"
"2.44","https://abs.twimg.com/responsive-web/client-web/shared~loaders.video.VideoPlayerDefaultUI~loaders.video.VideoPlayerPrerollUI.4b7cfeea.js","script","twimg.com","Twitter","US","Twitter"
"2.44","https://abs.twimg.com/responsive-web/client-web/shared~ondemand.EditPinned~ondemand.EventSummaryHandler~ondemand.ListHandler.6cc7967a.js","script","twimg.com","Twitter","US","Twitter"
"2.44","https://abs.twimg.com/responsive-web/client-web/shared~ondemand.EmojiPickerData~ondemand.ParticipantReaction~ondemand.EmojiPicker.97af6dba.js","script","twimg.com","Twitter","US","Twitter"
"2.44","https://abs.twimg.com/responsive-web/client-web/shared~ondemand.InlinePlayer~loader.AudioOnlyVideoPlayer~ondemand.immersiveTweetHandler.5c5ebc9a.js","script","twimg.com","Twitter","US","Twitter"
"2.44","https://abs.twimg.com/responsive-web/client-web/shared~ondemand.inlineTombstoneHandler~ondemand.tweetHandler.c6bc8f2a.js","script","twimg.com","Twitter","US","Twitter"
"2.44","https://abs.twimg.com/responsive-web/client-web/vendor.bd87924a.js","script","twimg.com","Twitter","US","Twitter"
"2.44","https://acdn.adnxs-simple.com/ast/mediation/0.41.0/mediation.js","script","adnxs-simple.com","","",""
"2.44","https://acdn.adnxs-simple.com/ast/mediation/0.45.0/mediation.js","script","adnxs-simple.com","","",""
"2.44","https://acdn.adnxs.com/ast/ast.js","script","adnxs.com","Xandr","US","Xandr > AT&T"
"2.44","https://acdn.adnxs.com/ast/static/0.41.0/ast.js","script","adnxs.com","Xandr","US","Xandr > AT&T"
"2.44","https://acdn.adnxs.com/ast/static/0.45.0/ast.js","script","adnxs.com","Xandr","US","Xandr > AT&T"
"2.44","https://acdn.adnxs.com/dmp/up/pixie.js","script","adnxs.com","Xandr","US","Xandr > AT&T"
"2.44","https://ad1.adfarm1.adition.com/banner","script","adition.com","Adition Technologies","DE","Adition Technologies"
"2.44","https://ad1.adfarm1.adition.com/js","script","adition.com","Adition Technologies","DE","Adition Technologies"
"2.44","https://adnz.co/ad-tag.js","script","adnz.co","","",""
"2.44","https://adnz.co/cis/script_rtb.js","script","adnz.co","","",""
"2.44","https://ads.pubmatic.com/AdServer/js/pwt/157084/2885/pwt.js","script","pubmatic.com","PubMatic","US","PubMatic"
"2.44","https://ae.mmstat.com/eg.js","script","mmstat.com","Alimama","CN","Alimama > Alibaba"
"2.44","https://aeis.alicdn.com/AWSC/WebUMID/1.92.0/um.js","script","alicdn.com","Alibaba Cloud","CN","Alibaba Cloud > Alibaba"
"2.44","https://aeis.alicdn.com/AWSC/uab/1.140.0/collina.js","script","alicdn.com","Alibaba Cloud","CN","Alibaba Cloud > Alibaba"
"2.44","https://ajax.googleapis.com/ajax/libs/jquery/1.12.4/jquery.min.js","script","googleapis.com","Google APIs","US","Google APIs > Google > Alphabet"
"2.44","https://aka-cdn.adtechus.com/media/moat/adtechbrands092348fjlsmdhlwsl239fh3df/moatad.js","script","adtechus.com","ONE by Aol","US","ONE by Aol > Aol > Verizon Media > Verizon"
"2.44","https://ams3-ib.adnxs.com/ab","script","adnxs.com","Xandr","US","Xandr > AT&T"
"2.44","https://analytics.tiktok.com/i18n/pixel/events.js","script","tiktok.com","","",""
"2.44","https://analytics.tiktok.com/i18n/pixel/static/identify_87671.js","script","tiktok.com","","",""
"2.44","https://analytics.tiktok.com/i18n/pixel/static/main.MTRjZDliOGFlMQ.js","script","tiktok.com","","",""
"2.44","https://api.ipify.org/","script","ipify.org","","",""
"2.44","https://apis.google.com/_/scs/abc-static/_/js/k=gapi.gapi.en.PlpnwD4HYro.O/m=gapi_iframes,googleapis_client/rt=j/sv=1/d=1/ed=1/rs=AHpOoo-D4573md5GmdJHX15d0lc3SoObhA/cb=gapi.loaded_0","script","google.com","Google","US","Google > Alphabet"
"2.44","https://assets.adobedtm.com/15ff638fdec4/c95c437e4f34/launch-64ab29f9e77a.min.js","script","adobedtm.com","Adobe Experience Cloud","US","Adobe Experience Cloud > Adobe Systems"
"2.44","https://assets.alicdn.com/g","script","alicdn.com","Alibaba Cloud","CN","Alibaba Cloud > Alibaba"
"2.44","https://assets.alicdn.com/g/AWSC/AWSC/awsc.js","script","alicdn.com","Alibaba Cloud","CN","Alibaba Cloud > Alibaba"
"2.44","https://assets.alicdn.com/g/AWSC/et/1.62.7/et_f.js","script","alicdn.com","Alibaba Cloud","CN","Alibaba Cloud > Alibaba"
"2.44","https://assets.alicdn.com/g/ae-fe/cosmos/0.0.137/pc/comet-pro-shipto-bLCM2~feedback~ship-to-setting.js","script","alicdn.com","Alibaba Cloud","CN","Alibaba Cloud > Alibaba"
"2.44","https://assets.alicdn.com/g/ae-fe/cosmos/0.0.137/pc/comet-pro-shipto-bLCM2~login~scene-login~scene-login-service~ship-to-setting.js","script","alicdn.com","Alibaba Cloud","CN","Alibaba Cloud > Alibaba"
"2.44","https://assets.alicdn.com/g/ae-fe/cosmos/0.0.137/pc/comet-pro-shipto-bLCM2~login~scene-login~scene-login-service~ship-to-setting~slider-kTGCl.js","script","alicdn.com","Alibaba Cloud","CN","Alibaba Cloud > Alibaba"
"2.44","https://assets.alicdn.com/g/ae-fe/cosmos/0.0.137/pc/comet-pro-shipto-bLCM2~login~ship-to-setting.js","script","alicdn.com","Alibaba Cloud","CN","Alibaba Cloud > Alibaba"
"2.44","https://assets.alicdn.com/g/ae-fe/cosmos/0.0.137/pc/gallery-9g91h.js","script","alicdn.com","Alibaba Cloud","CN","Alibaba Cloud > Alibaba"
"2.44","https://assets.alicdn.com/g/ae-fe/cosmos/0.0.137/pc/gallery-9g91h~list-88mY4~rcmd-9jQqC~slider-kTGCl~waterfall-VLHdM.js","script","alicdn.com","Alibaba Cloud","CN","Alibaba Cloud > Alibaba"
"2.44","https://assets.alicdn.com/g/ae-fe/cosmos/0.0.137/pc/gep-sdk.js","script","alicdn.com","Alibaba Cloud","CN","Alibaba Cloud > Alibaba"
"2.44","https://assets.alicdn.com/g/ae-fe/cosmos/0.0.137/pc/index.js","script","alicdn.com","Alibaba Cloud","CN","Alibaba Cloud > Alibaba"
"2.44","https://assets.alicdn.com/g/ae-fe/cosmos/0.0.137/pc/loader.js","script","alicdn.com","Alibaba Cloud","CN","Alibaba Cloud > Alibaba"
"2.44","https://assets.alicdn.com/g/ae-fe/cosmos/0.0.137/pc/local-data.js","script","alicdn.com","Alibaba Cloud","CN","Alibaba Cloud > Alibaba"
"2.44","https://assets.alicdn.com/g/ae-fe/cosmos/0.0.137/pc/login~scene-login~scene-login-service.js","script","alicdn.com","Alibaba Cloud","CN","Alibaba Cloud > Alibaba"
"2.44","https://assets.alicdn.com/g/ae-fe/cosmos/0.0.137/pc/pop-layer.js","script","alicdn.com","Alibaba Cloud","CN","Alibaba Cloud > Alibaba"
"2.44","https://assets.alicdn.com/g/ae-fe/cosmos/0.0.137/pc/rcmd-9jQqC.js","script","alicdn.com","Alibaba Cloud","CN","Alibaba Cloud > Alibaba"
"2.44","https://assets.alicdn.com/g/ae-fe/cosmos/0.0.137/pc/scene-login.js","script","alicdn.com","Alibaba Cloud","CN","Alibaba Cloud > Alibaba"
"2.44","https://assets.alicdn.com/g/ae-fe/cosmos/0.0.137/pc/ship-to-setting.js","script","alicdn.com","Alibaba Cloud","CN","Alibaba Cloud > Alibaba"
"2.44","https://assets.alicdn.com/g/ae-fe/cosmos/0.0.137/pc/webpush-ui.js","script","alicdn.com","Alibaba Cloud","CN","Alibaba Cloud > Alibaba"
"2.44","https://assets.alicdn.com/g/ae-fe/global/0.0.3/index.js","script","alicdn.com","Alibaba Cloud","CN","Alibaba Cloud > Alibaba"
"2.44","https://assets.alicdn.com/g/ae-fe/header-ui/0.0.68/async.js","script","alicdn.com","Alibaba Cloud","CN","Alibaba Cloud > Alibaba"
"2.44","https://assets.alicdn.com/g/ae-fe/header-ui/0.0.68/async~store-info.js","script","alicdn.com","Alibaba Cloud","CN","Alibaba Cloud > Alibaba"
"2.44","https://assets.alicdn.com/g/ae-fe/header-ui/0.0.68/de_DE-js-05ni3.js","script","alicdn.com","Alibaba Cloud","CN","Alibaba Cloud > Alibaba"
"2.44","https://assets.alicdn.com/g/ae-fe/header-ui/0.0.68/src/ae-header.js","script","alicdn.com","Alibaba Cloud","CN","Alibaba Cloud > Alibaba"
"2.44","https://assets.alicdn.com/g/ae-fe/home-ui/0.0.159/glo/index.js","script","alicdn.com","Alibaba Cloud","CN","Alibaba Cloud > Alibaba"
"2.44","https://assets.alicdn.com/g/ae-fe/home-ui/0.0.159/glo/simple-nBI7B.js","script","alicdn.com","Alibaba Cloud","CN","Alibaba Cloud > Alibaba"
"2.44","https://assets.alicdn.com/g/ae-fe/home-ui/0.0.159/glo/vendors~nano-sidebar-panel-PgkRJ.js","script","alicdn.com","Alibaba Cloud","CN","Alibaba Cloud > Alibaba"
"2.44","https://assets.alicdn.com/g/ae-fe/home-ui/0.0.159/glo/vendors~simple-nBI7B~zoro-count-down-GODCz.js","script","alicdn.com","Alibaba Cloud","CN","Alibaba Cloud > Alibaba"
"2.44","https://assets.alicdn.com/g/alilog/","script","alicdn.com","Alibaba Cloud","CN","Alibaba Cloud > Alibaba"
"2.44","https://assets.alicdn.com/g/gfe-ug/web-push-client2/0.0.9/iframeRecorder.js","script","alicdn.com","Alibaba Cloud","CN","Alibaba Cloud > Alibaba"
"2.44","https://assets.alicdn.com/g/sd/baxia-entry/index.js","script","alicdn.com","Alibaba Cloud","CN","Alibaba Cloud > Alibaba"
"2.44","https://assets.alicdn.com/g/sd/baxia/2.2.3/baxiaCommon.js","script","alicdn.com","Alibaba Cloud","CN","Alibaba Cloud > Alibaba"
"2.44","https://assets.alicdn.com/g/secdev/entry/index.js","script","alicdn.com","Alibaba Cloud","CN","Alibaba Cloud > Alibaba"
"2.44","https://assets.alicdn.com/g/secdev/sufei_data/3.9.10/index.js","script","alicdn.com","Alibaba Cloud","CN","Alibaba Cloud > Alibaba"
"2.44","https://assets.nflxext.com/web/ffe/wp/signup/nmhp/nmhpFrameworkClient.js.2acd4f479f5e4c040e73.js","script","nflxext.com","Netflix","US","Netflix"
"2.44","https://assets.video.yahoo.net/oath/builds/8.5.36/comscore-6.3.5.min.js","script","yahoo.net","Yahoo","US","Yahoo > Verizon Media > Verizon"
"2.44","https://ats-wrapper.privacymanager.io/ats-modules/3fe2ce24-2cac-487a-900a-0c8337a257fe/ats.js","script","privacymanager.io","","",""
"2.44","https://az725175.vo.msecnd.net/scripts/jsll-4.js","script","msecnd.net","","",""
"2.44","https://bat.bing.com/p/action/12102363.js","script","bing.com","Bing","US","Bing > Microsoft"
"2.44","https://bat.bing.com/p/action/12102368.js","script","bing.com","Bing","US","Bing > Microsoft"
"2.44","https://bat.bing.com/p/action/15005356.js","script","bing.com","Bing","US","Bing > Microsoft"
"2.44","https://beacon.wikia-services.com/__track/special/gdpr_events","script","wikia-services.com","","",""
"2.44","https://beagle.prod.tda.link/scripts/20min-spa/beagle.min.js","script","tda.link","","",""
"2.44","https://beagle.prod.tda.link/scripts/ricardo/beagle.min.js","script","tda.link","","",""
"2.44","https://beagle.prod.tda.link/scripts/tutti/beagle.min.js","script","tda.link","","",""
"2.44","https://btloader.com/tag","script","btloader.com","","",""
"2.44","https://c.amazon-adsystem.com/bao-csm/direct/csm_othersv5.js","script","amazon-adsystem.com","Amazon Marketing Services","US","Amazon Marketing Services > Amazon"
"2.44","https://c.amazon-adsystem.com/csm_view_only.js","script","amazon-adsystem.com","Amazon Marketing Services","US","Amazon Marketing Services > Amazon"
"2.44","https://cdn-gl.imrworldwide.com/conf/P34D56F9D-5684-4C83-8EE1-5EA7DE9CF45D.js","script","imrworldwide.com","Nielsen Online","US","Nielsen Online"
"2.44","https://cdn-gl.imrworldwide.com/novms/js/2/nlsSDK600.bundle.min.js","script","imrworldwide.com","Nielsen Online","US","Nielsen Online"
"2.44","https://cdn-swisscom.push.delivery/bluewin/3.1.2/webpush-production.js","script","push.delivery","","",""
"2.44","https://cdn.admeira.ch/prod/tagmanager/blick.ch_de/2.11.0/atm.js","script","admeira.ch","","",""
"2.44","https://cdn.admeira.ch/prod/tagmanager/bluewin.ch_de/latest/atm.js","script","admeira.ch","","",""
"2.44","https://cdn.admeira.ch/prod/tagmanager/loader.min.js","script","admeira.ch","","",""
"2.44","https://cdn.adnz.co/convey-scripts/contextual_10.js","script","adnz.co","","",""
"2.44","https://cdn.ampproject.org/rtv/012211060024000/amp4ads-v0.mjs","script","ampproject.org","Amp Project","US","Amp Project > Google > Alphabet"
"2.44","https://cdn.ampproject.org/rtv/012211060024000/v0/amp-ad-exit-0.1.mjs","script","ampproject.org","Amp Project","US","Amp Project > Google > Alphabet"
"2.44","https://cdn.ampproject.org/rtv/012211060024000/v0/amp-analytics-0.1.mjs","script","ampproject.org","Amp Project","US","Amp Project > Google > Alphabet"
"2.44","https://cdn.ampproject.org/rtv/012211060024000/v0/amp-fit-text-0.1.mjs","script","ampproject.org","Amp Project","US","Amp Project > Google > Alphabet"
"2.44","https://cdn.ampproject.org/rtv/012211060024000/v0/amp-form-0.1.mjs","script","ampproject.org","Amp Project","US","Amp Project > Google > Alphabet"
"2.44","https://cdn.brandmetrics.com/survey/script/69328bfe0ff0484993e2bfedbb57f474.js","script","brandmetrics.com","","",""
"2.44","https://cdn.brandmetrics.com/survey/script/7bcd699f42864b25b0482d1fc073a7eb.js","script","brandmetrics.com","","",""
"2.44","https://cdn.clinch.co/a_js/dispad/runtime_10_24.min.js","script","clinch.co","","",""
"2.44","https://cdn.clinch.co/a_styles/4629/js/300ax250_v10_u-1209415930_-1209310964_mapping.js","script","clinch.co","","",""
"2.44","https://cdn.clinch.co/a_styles/4629/js/300ax250_v10_u-1209415930_es_movie.js","script","clinch.co","","",""
"2.44","https://cdn.codevelop.network/adformats/videohead/publisherHelper.js","script","codevelop.network","","",""
"2.44","https://cdn.confiant-integrations.net/AmEuXIUpj67Xm3S6ZloFdC7gEiI/gpt_and_prebid/config.js","script","confiant-integrations.net","","",""
"2.44","https://cdn.confiant-integrations.net/AmEuXIUpj67Xm3S6ZloFdC7gEiI/ringier/config.js","script","confiant-integrations.net","","",""
"2.44","https://cdn.confiant-integrations.net/Ppz33BRC0SVdq58QvvpbxXV29sQ/gpt_and_prebid/config.js","script","confiant-integrations.net","","",""
"2.44","https://cdn.confiant-integrations.net/Ppz33BRC0SVdq58QvvpbxXV29sQ/ringier/config.js","script","confiant-integrations.net","","",""
"2.44","https://cdn.cookielaw.org/consent/560c363d-1e83-49ac-96e2-f00a04060892/OtAutoBlock.js","script","cookielaw.org","","",""
"2.44","https://cdn.cookielaw.org/consent/784d5a56-cba1-4b22-9cde-019c2e67555a/OtAutoBlock.js","script","cookielaw.org","","",""
"2.44","https://cdn.cookielaw.org/scripttemplates/202208.1.0/otBannerSdk.js","script","cookielaw.org","","",""
"2.44","https://cdn.cookielaw.org/scripttemplates/202208.1.0/otTCF.js","script","cookielaw.org","","",""
"2.44","https://cdn.cookielaw.org/scripttemplates/202209.2.0/otBannerSdk.js","script","cookielaw.org","","",""
"2.44","https://cdn.cookielaw.org/scripttemplates/202209.2.0/otTCF.js","script","cookielaw.org","","",""
"2.44","https://cdn.cookielaw.org/scripttemplates/202211.2.0/otBannerSdk.js","script","cookielaw.org","","",""
"2.44","https://cdn.cookielaw.org/scripttemplates/6.21.0/otBannerSdk.js","script","cookielaw.org","","",""
"2.44","https://cdn.cookielaw.org/scripttemplates/6.23.0/otBannerSdk.js","script","cookielaw.org","","",""
"2.44","https://cdn.cookielaw.org/scripttemplates/6.32.0/otBannerSdk.js","script","cookielaw.org","","",""
"2.44","https://cdn.cookielaw.org/scripttemplates/6.35.0/otBannerSdk.js","script","cookielaw.org","","",""
"2.44","https://cdn.cookielaw.org/scripttemplates/6.35.0/otTCF.js","script","cookielaw.org","","",""
"2.44","https://cdn.cookielaw.org/scripttemplates/6.39.0/otBannerSdk.js","script","cookielaw.org","","",""
"2.44","https://cdn.cookielaw.org/scripttemplates/6.39.0/otTCF.js","script","cookielaw.org","","",""
"2.44","https://cdn.cwi.re/publishers/blick.ch-DE/cwire.min.js","script","cwi.re","","",""
"2.44","https://cdn.cwi.re/publishers/bluewin.ch-DE/cwire.min.js","script","cwi.re","","",""
"2.44","https://cdn.cxense.com/cx.cce.js","script","cxense.com","Cxense","NO","Cxense"
"2.44","https://cdn.cxense.com/cx.js","script","cxense.com","Cxense","NO","Cxense"
"2.44","https://cdn.decibelinsight.net/i/13848/236091/di.js","script","decibelinsight.net","","",""
"2.44","https://cdn.id5-sync.com/api/1.0/id5-api.js","script","id5-sync.com","ID5 Technology","UK","ID5 Technology"
"2.44","https://cdn.ipromote.com/media/t/hover/hover.min.js","script","ipromote.com","","",""
"2.44","https://cdn.ipromote.com/media/t/v04/03/adchoices/adchoices.js","script","ipromote.com","","",""
"2.44","https://cdn.ipromote.com/media/t/v04/03/assets/template04.js","script","ipromote.com","","",""
"2.44","https://cdn.ipromote.com/media/t/v04/03/assets/template04_adfmt_5.js","script","ipromote.com","","",""
"2.44","https://cdn.js7k.com/ix/talon-1.0.40.js","script","js7k.com","","",""
"2.44","https://cdn.js7k.com/rq/iv/inside.js","script","js7k.com","","",""
"2.44","https://cdn.jsdelivr.net/npm/lozad/dist/lozad.min.js","script","jsdelivr.net","jsDelivr","US","jsDelivr > Prospect One"
"2.44","https://cdn.jwplayer.com/libraries/nVdoXqnQ.js","script","jwplayer.com","Longtail Ad Solutions","US","Longtail Ad Solutions"
"2.44","https://cdn.skyjs.org/bluewin.ch/acm.min.js","script","skyjs.org","","",""
"2.44","https://cdn.skyjs.org/bluewin.ch/banner.min.js","script","skyjs.org","","",""
"2.44","https://cdn.skyjs.org/bluewin.ch/int.min.js","script","skyjs.org","","",""
"2.44","https://cdn.skyjs.org/bluewin.ch/quiz.min.js","script","skyjs.org","","",""
"2.44","https://cdn.solvvy.com/deflect/customization/zoom/31/solvvy.customization.js","script","solvvy.com","","",""
"2.44","https://cdn.solvvy.com/deflect/customization/zoom/lazy-solvvy.js","script","solvvy.com","","",""
"2.44","https://cdn.solvvy.com/deflect/customization/zoom/solvvy.js","script","solvvy.com","","",""
"2.44","https://cdn.solvvy.com/ui/v5.65.0/solvvy.v5.js","script","solvvy.com","","",""
"2.44","https://cdn.speedcurve.com/js/lux.js","script","speedcurve.com","","",""
"2.44","https://cdn.sstatic.net/Js/full-anon.en.js","script","sstatic.net","","",""
"2.44","https://cdn.sstatic.net/Js/product/animations.en.js","script","sstatic.net","","",""
"2.44","https://cdn.sstatic.net/Js/product/lazy-load-images.en.js","script","sstatic.net","","",""
"2.44","https://cdn.sstatic.net/Js/stub.en.js","script","sstatic.net","","",""
"2.44","https://cdn.sstatic.net/Js/third-party/npm/@stackoverflow/stacks/dist/js/stacks.min.js","script","sstatic.net","","",""
"2.44","https://cdn.taboola.com/libtrc/9gag-placements254/loader.js","script","taboola.com","Taboola","US","Taboola"
"2.44","https://cdn.taboola.com/libtrc/cta-component.20221211-7-RELEASE.es6.js","script","taboola.com","Taboola","US","Taboola"
"2.44","https://cdn.taboola.com/libtrc/impl.20221211-7-RELEASE.js","script","taboola.com","Taboola","US","Taboola"
"2.44","https://cdn.taboola.com/libtrc/userx.20221211-7-RELEASE.es6.js","script","taboola.com","Taboola","US","Taboola"
"2.44","https://cdn.taboola.com/scripts/cds-pips.js","script","taboola.com","Taboola","US","Taboola"
"2.44","https://cdn.taboola.com/scripts/eid.es5.js","script","taboola.com","Taboola","US","Taboola"
"2.44","https://cdn.tinypass.com/api/tinypass.min.js","script","tinypass.com","","",""
"2.44","https://cdn3.optimizely.com/js/geo4.js","script","optimizely.com","Optimizely","US","Optimizely"
"2.44","https://cdnjs.cloudflare.com/ajax/libs/OwlCarousel2/2.3.4/owl.carousel.min.js","script","cloudflare.com","Cloudflare","US","Cloudflare"
"2.44","https://cdnjs.cloudflare.com/ajax/libs/air-datepicker/2.2.3/js/datepicker.min.js","script","cloudflare.com","Cloudflare","US","Cloudflare"
"2.44","https://cdnjs.cloudflare.com/ajax/libs/air-datepicker/2.2.3/js/i18n/datepicker.fr.min.js","script","cloudflare.com","Cloudflare","US","Cloudflare"
"2.44","https://cdnjs.cloudflare.com/ajax/libs/jQuery.dotdotdot/3.2.2/jquery.dotdotdot.js","script","cloudflare.com","Cloudflare","US","Cloudflare"
"2.44","https://cdnjs.cloudflare.com/ajax/libs/jquery-validate/1.17.0/jquery.validate.min.js","script","cloudflare.com","Cloudflare","US","Cloudflare"
"2.44","https://cdnjs.cloudflare.com/ajax/libs/jquery.countdown/2.2.0/jquery.countdown.min.js","script","cloudflare.com","Cloudflare","US","Cloudflare"
"2.44","https://cdnjs.cloudflare.com/ajax/libs/jquery/3.3.1/jquery.min.js","script","cloudflare.com","Cloudflare","US","Cloudflare"
"2.44","https://cdnjs.cloudflare.com/ajax/libs/jquery/3.5.1/jquery.min.js","script","cloudflare.com","Cloudflare","US","Cloudflare"
"2.44","https://cdnjs.cloudflare.com/ajax/libs/jqueryui/1.12.1/jquery-ui.min.js","script","cloudflare.com","Cloudflare","US","Cloudflare"
"2.44","https://cdnjs.cloudflare.com/ajax/libs/lazysizes/4.0.2/lazysizes.min.js","script","cloudflare.com","Cloudflare","US","Cloudflare"
"2.44","https://cdnjs.cloudflare.com/ajax/libs/mark.js/8.11.1/jquery.mark.min.js","script","cloudflare.com","Cloudflare","US","Cloudflare"
"2.44","https://cdnjs.cloudflare.com/ajax/libs/moment.js/2.22.2/locale/fr-ch.js","script","cloudflare.com","Cloudflare","US","Cloudflare"
"2.44","https://cdnjs.cloudflare.com/ajax/libs/moment.js/2.22.2/moment.min.js","script","cloudflare.com","Cloudflare","US","Cloudflare"
"2.44","https://cdnjs.cloudflare.com/ajax/libs/nprogress/0.2.0/nprogress.min.js","script","cloudflare.com","Cloudflare","US","Cloudflare"
"2.44","https://cdnjs.cloudflare.com/ajax/libs/picturefill/3.0.3/picturefill.min.js","script","cloudflare.com","Cloudflare","US","Cloudflare"
"2.44","https://cdnjs.cloudflare.com/ajax/libs/scrollup/2.4.1/jquery.scrollUp.min.js","script","cloudflare.com","Cloudflare","US","Cloudflare"
"2.44","https://cdnjs.cloudflare.com/ajax/libs/stickyfill/2.0.5/stickyfill.min.js","script","cloudflare.com","Cloudflare","US","Cloudflare"
"2.44","https://cdnjs.cloudflare.com/ajax/libs/waypoints/4.0.1/jquery.waypoints.min.js","script","cloudflare.com","Cloudflare","US","Cloudflare"
"2.44","https://cdnjs.cloudflare.com/ajax/libs/waypoints/4.0.1/shortcuts/inview.min.js","script","cloudflare.com","Cloudflare","US","Cloudflare"
"2.44","https://cf.bstatic.com/libs/perimeterx/px.v7.6.9.min.js","script","bstatic.com","","",""
"2.44","https://cf.bstatic.com/libs/privacy-consent/releases/2.1.32/customer/cookie-banner.min.js","script","bstatic.com","","",""
"2.44","https://cf.bstatic.com/psb/capla/static/js/186.1dd4ae69.chunk.js","script","bstatic.com","","",""
"2.44","https://cf.bstatic.com/psb/capla/static/js/223.62fa234e.chunk.js","script","bstatic.com","","",""
"2.44","https://cf.bstatic.com/psb/capla/static/js/224.dd06ce8c.chunk.js","script","bstatic.com","","",""
"2.44","https://cf.bstatic.com/psb/capla/static/js/435.829226c8.chunk.js","script","bstatic.com","","",""
"2.44","https://cf.bstatic.com/psb/capla/static/js/513.ee72b7a7.chunk.js","script","bstatic.com","","",""
"2.44","https://cf.bstatic.com/psb/capla/static/js/527.79e2e4c6.chunk.js","script","bstatic.com","","",""
"2.44","https://cf.bstatic.com/psb/capla/static/js/541.a0de12f9.chunk.js","script","bstatic.com","","",""
"2.44","https://cf.bstatic.com/psb/capla/static/js/579.b98fa7db.chunk.js","script","bstatic.com","","",""
"2.44","https://cf.bstatic.com/psb/capla/static/js/664.a74b66f6.chunk.js","script","bstatic.com","","",""
"2.44","https://cf.bstatic.com/psb/capla/static/js/665.db2d3883.chunk.js","script","bstatic.com","","",""
"2.44","https://cf.bstatic.com/psb/capla/static/js/736.71cd5248.chunk.js","script","bstatic.com","","",""
"2.44","https://cf.bstatic.com/psb/capla/static/js/748.311dd75c.chunk.js","script","bstatic.com","","",""
"2.44","https://cf.bstatic.com/psb/capla/static/js/76.d8c700d1.chunk.js","script","bstatic.com","","",""
"2.44","https://cf.bstatic.com/psb/capla/static/js/778.25c13023.chunk.js","script","bstatic.com","","",""
"2.44","https://cf.bstatic.com/psb/capla/static/js/797.263e3056.chunk.js","script","bstatic.com","","",""
"2.44","https://cf.bstatic.com/psb/capla/static/js/802.d4f8bdaf.chunk.js","script","bstatic.com","","",""
"2.44","https://cf.bstatic.com/psb/capla/static/js/970.0c0728a4.chunk.js","script","bstatic.com","","",""
"2.44","https://cf.bstatic.com/psb/capla/static/js/bui-react.06e638f8.js","script","bstatic.com","","",""
"2.44","https://cf.bstatic.com/psb/capla/static/js/client.96edafda.js","script","bstatic.com","","",""
"2.44","https://cf.bstatic.com/psb/capla/static/js/vendors.c6063ee5.js","script","bstatic.com","","",""
"2.44","https://cf.bstatic.com/static/js/async_index_postcards_c360_cloudfront_sd/11d2b12d25c970340e0e5c5707da66ac8223126e.js","script","bstatic.com","","",""
"2.44","https://cf.bstatic.com/static/js/core-deps-inlinedet_cloudfront_sd/6da0bf621035bb8a2f9c756d6a89dda03b2f7864.js","script","bstatic.com","","",""
"2.44","https://cf.bstatic.com/static/js/crossorigin_check_cloudfront_sd/2454015045ef79168d452ff4e7f30bdadff0aa81.js","script","bstatic.com","","",""
"2.44","https://cf.bstatic.com/static/js/error_catcher_bec_cloudfront_sd/282f83b6049fe9bacd964cb6ea8a6d5447528b14.js","script","bstatic.com","","",""
"2.44","https://cf.bstatic.com/static/js/genius_vip_cloudfront_sd/f980dbafa6b20d980f25ca835a161e7cece00d9d.js","script","bstatic.com","","",""
"2.44","https://cf.bstatic.com/static/js/index_cloudfront_sd/bceb65489f8f483e6d9058f27f749db93ae04c07.js","script","bstatic.com","","",""
"2.44","https://cf.bstatic.com/static/js/jquery_cloudfront_sd/e1e8c0e862309cb4caf3c0d5fbea48bfb8eaad42.js","script","bstatic.com","","",""
"2.44","https://cf.bstatic.com/static/js/landingpage_cloudfront_sd/b7a62f5d7766e18129686d11492fdf51fe630369.js","script","bstatic.com","","",""
"2.44","https://cf.bstatic.com/static/js/lazy_load_images_cloudfront_sd/77204d4da4aa41b08b1a4062c8e66e4629550994.js","script","bstatic.com","","",""
"2.44","https://cf.bstatic.com/static/js/main_cloudfront_sd/f8c531f27e3a5c73301ab99ef58cd01314f0a1db.js","script","bstatic.com","","",""
"2.44","https://cf.bstatic.com/static/js/raf_cloudfront_sd/b9e5b0bcf00cff69d910550bedf9b680172d2b89.js","script","bstatic.com","","",""
"2.44","https://cf.bstatic.com/static/js/searchbox_cloudfront_sd/c65cab128af24cd70008a35494333c30fba3d87a.js","script","bstatic.com","","",""
"2.44","https://cf.bstatic.com/static/js/sp-on-maps_cloudfront_sd/d30eef4dc5202875d4c3301b8a0e8ff09f9a0e28.js","script","bstatic.com","","",""
"2.44","https://choices.trustarc.com/ca","script","trustarc.com","TrustArc","US","TrustArc"
"2.44","https://choices.truste.com/ca","script","truste.com","TrustArc","US","TrustArc"
"2.44","https://cmp.quantcast.com/choice/-nTLRCyXqW8wM/9gag.com/choice.js","script","quantcast.com","Quantcast","US","Quantcast"
"2.44","https://colibri-js.akamaized.net/penguin/tc_RTS_13.js","script","akamaized.net","Akamai","US","Akamai"
"2.44","https://connect.facebook.net/signals/config/1224451260918407","script","facebook.net","Facebook","US","Facebook"
"2.44","https://connect.facebook.net/signals/config/1448242635397114","script","facebook.net","Facebook","US","Facebook"
"2.44","https://connect.facebook.net/signals/config/1567814220146137","script","facebook.net","Facebook","US","Facebook"
"2.44","https://connect.facebook.net/signals/config/1650958108523345","script","facebook.net","Facebook","US","Facebook"
"2.44","https://connect.facebook.net/signals/config/418292171670891","script","facebook.net","Facebook","US","Facebook"
"2.44","https://connect.facebook.net/signals/config/664559810362423","script","facebook.net","Facebook","US","Facebook"
"2.44","https://connect.facebook.net/signals/config/817457858324581","script","facebook.net","Facebook","US","Facebook"
"2.44","https://connect.facebook.net/signals/config/921461647911056","script","facebook.net","Facebook","US","Facebook"
"2.44","https://d2v02itv0y9u9t.cloudfront.net/dist/1.1.4/v6s.js","script","cloudfront.net","Amazon","US","Amazon"
"2.44","https://dcdn.adnxs.com/renderer-content/3c652cca-73fa-42e4-8fc8-9eb056633701","script","adnxs.com","Xandr","US","Xandr > AT&T"
"2.44","https://dcdn.adnxs.com/renderer-content/758fc6c2-d9d0-4651-b2a4-8d7ad024b9ef","script","adnxs.com","Xandr","US","Xandr > AT&T"
"2.44","https://dev.visualwebsiteoptimizer.com/j.php","script","visualwebsiteoptimizer.com","Visual Website Optimizer","IN","Visual Website Optimizer > Wingify"
"2.44","https://dev.visualwebsiteoptimizer.com/settings.js","script","visualwebsiteoptimizer.com","Visual Website Optimizer","IN","Visual Website Optimizer > Wingify"
"2.44","https://dev.visualwebsiteoptimizer.com/web/djIkdGU6Ny4wOmFzeW5jJWdxdWVyeQ==/tag-d355d98014f63c42150049c53a3d5812.js","script","visualwebsiteoptimizer.com","Visual Website Optimizer","IN","Visual Website Optimizer > Wingify"
"2.44","https://dynamic.criteo.com/js/ld/ld.js","script","criteo.com","Criteo","FR","Criteo"
"2.44","https://farm-ch.plista.com/async_lib.js","script","plista.com","plista","DE","plista > GroupM > WPP"
"2.44","https://fast.appcues.com/101829.js","script","appcues.com","","",""
"2.44","https://fast.appcues.com/generic/main/4.40.0/appcues.main.8eb89f9d2650e8dda80c9e43487905ecf14efcf9.js","script","appcues.com","","",""
"2.44","https://files.publishing.tamedia.ch/_static/dnd_iframe_autofit_child.js","script","tamedia.ch","","",""
"2.44","https://fooby.ch/etc/designs/coop-culinaria-app/clientlibs/default/widget-3db0888c2302613096a2.js","script","fooby.ch","","",""
"2.44","https://fourier.taobao.com/rp","script","taobao.com","Taobao","CN","Taobao > Alibaba"
"2.44","https://g.alicdn.com/code/npm/@ali/gmod-pop-buffet-code/0.0.4/","script","alicdn.com","Alibaba Cloud","CN","Alibaba Cloud > Alibaba"
"2.44","https://g.alicdn.com/code/npm/@ali/gmod-pop-drogue/0.0.4/","script","alicdn.com","Alibaba Cloud","CN","Alibaba Cloud > Alibaba"
"2.44","https://g.alicdn.com/code/npm/@ali/gmod-pop-sign/0.0.5/","script","alicdn.com","Alibaba Cloud","CN","Alibaba Cloud > Alibaba"
"2.44","https://gbucket.ch/CH/GBv2_0/Watson_Fixxpunkt_AG/Desktop/D_Business_Click_Wideboard.js","script","gbucket.ch","","",""
"2.44","https://gbucket.ch/CH/GBv2_0/Watson_Fixxpunkt_AG/Desktop/D_Collapse_Wideboard.js","script","gbucket.ch","","",""
"2.44","https://gbucket.ch/CH/GBv2_0/Watson_Fixxpunkt_AG/Desktop/D_Plista_Wideboard.js","script","gbucket.ch","","",""
"2.44","https://gbucket.ch/CH/ch_config_desktop.js","script","gbucket.ch","","",""
"2.44","https://gbucket.ch/scripts/totm/v1/totmGBucket.js","script","gbucket.ch","","",""
"2.44","https://github.githubassets.com/assets/app_assets_modules_github_aria-live_ts-app_assets_modules_github_hydro-analytics_ts-app_asset-7c220e-5c4b1f21cfe5.js","script","githubassets.com","","",""
"2.44","https://github.githubassets.com/assets/app_assets_modules_github_behaviors_commenting_edit_ts-app_assets_modules_github_behaviors_ht-83c235-cb56bba555dc.js","script","githubassets.com","","",""
"2.44","https://github.githubassets.com/assets/app_assets_modules_github_behaviors_keyboard-shortcuts-helper_ts-app_assets_modules_github_be-f5afdb-e0346850e585.js","script","githubassets.com","","",""
"2.44","https://github.githubassets.com/assets/app_assets_modules_github_behaviors_user-content_ts-app_assets_modules_github_blob-anchor_ts--e218a0-365326896a95.js","script","githubassets.com","","",""
"2.44","https://github.githubassets.com/assets/app_assets_modules_github_sticky-scroll-into-view_ts-39278b4d6f66.js","script","githubassets.com","","",""
"2.44","https://github.githubassets.com/assets/app_assets_modules_github_updatable-content_ts-62df1309213c.js","script","githubassets.com","","",""
"2.44","https://github.githubassets.com/assets/behaviors-15d362919072.js","script","githubassets.com","","",""
"2.44","https://github.githubassets.com/assets/chunk-app_components_primer_experimental_toggle-switch-element_ts-8d9d1aec570e.js","script","githubassets.com","","",""
"2.44","https://github.githubassets.com/assets/element-registry-be354b6e57e3.js","script","githubassets.com","","",""
"2.44","https://github.githubassets.com/assets/environment-ebbcdf68bab3.js","script","githubassets.com","","",""
"2.44","https://github.githubassets.com/assets/github-elements-8bcd745975ba.js","script","githubassets.com","","",""
"2.44","https://github.githubassets.com/assets/home-2dd6739e14f6.js","script","githubassets.com","","",""
"2.44","https://github.githubassets.com/assets/marketing-b1ecccd6b8f0.js","script","githubassets.com","","",""
"2.44","https://github.githubassets.com/assets/notifications-global-78448621fcb3.js","script","githubassets.com","","",""
"2.44","https://github.githubassets.com/assets/sessions-119c16758ba2.js","script","githubassets.com","","",""
"2.44","https://github.githubassets.com/assets/vendors-node_modules_delegated-events_dist_index_js-node_modules_github_catalyst_lib_index_js-06ff531-17204a539101.js","script","githubassets.com","","",""
"2.44","https://github.githubassets.com/assets/vendors-node_modules_delegated-events_dist_index_js-node_modules_github_catalyst_lib_index_js-06ff533-60844731e2b9.js","script","githubassets.com","","",""
"2.44","https://github.githubassets.com/assets/vendors-node_modules_delegated-events_dist_index_js-node_modules_github_details-dialog-elemen-63debe-4a2f37f7419e.js","script","githubassets.com","","",""
"2.44","https://github.githubassets.com/assets/vendors-node_modules_fzy_js_index_js-node_modules_github_markdown-toolbar-element_dist_index_js-5936f45973f5.js","script","githubassets.com","","",""
"2.44","https://github.githubassets.com/assets/vendors-node_modules_github_alive-client_dist_index_js-156187f13fbb.js","script","githubassets.com","","",""
"2.44","https://github.githubassets.com/assets/vendors-node_modules_github_catalyst_lib_index_js-node_modules_github_hydro-analytics-client_-17abfd-e5695ecb0f0c.js","script","githubassets.com","","",""
"2.44","https://github.githubassets.com/assets/vendors-node_modules_github_file-attachment-element_dist_index_js-node_modules_github_text-ex-3415a8-daf4603c6e6b.js","script","githubassets.com","","",""
"2.44","https://github.githubassets.com/assets/vendors-node_modules_github_filter-input-element_dist_index_js-node_modules_github_remote-inp-73b750-6766ce897560.js","script","githubassets.com","","",""
"2.44","https://github.githubassets.com/assets/vendors-node_modules_github_mini-throttle_dist_index_js-node_modules_github_remote-form_dist_-ece2b0-917c0dad4566.js","script","githubassets.com","","",""
"2.44","https://github.githubassets.com/assets/vendors-node_modules_github_paste-markdown_dist_index_esm_js-node_modules_github_quote-select-f12f19-f987ad18f3a3.js","script","githubassets.com","","",""
"2.44","https://github.githubassets.com/assets/vendors-node_modules_github_remote-form_dist_index_js-node_modules_delegated-events_dist_inde-94fd67-53c5902c854f.js","script","githubassets.com","","",""
"2.44","https://github.githubassets.com/assets/vendors-node_modules_github_webgl-globe_dist_js_main_js-821b97eb551b.js","script","githubassets.com","","",""
"2.44","https://github.githubassets.com/assets/vendors-node_modules_lit-html_lit-html_js-e954e8c01c93.js","script","githubassets.com","","",""
"2.44","https://github.githubassets.com/assets/vendors-node_modules_manuelpuyol_turbo_dist_turbo_es2017-esm_js-af11d99b3e65.js","script","githubassets.com","","",""
"2.44","https://github.githubassets.com/assets/vendors-node_modules_primer_behaviors_dist_esm_dimensions_js-node_modules_github_jtml_lib_index_js-c1acb9a3f5fa.js","script","githubassets.com","","",""
"2.44","https://github.githubassets.com/assets/vendors-node_modules_primer_view-components_app_components_primer_primer_js-node_modules_gith-aa5398-aca9d5983f34.js","script","githubassets.com","","",""
"2.44","https://github.githubassets.com/assets/vendors-node_modules_selector-observer_dist_index_esm_js-650337916dbd.js","script","githubassets.com","","",""
"2.44","https://github.githubassets.com/assets/vendors-node_modules_smoothscroll-polyfill_dist_smoothscroll_js-node_modules_stacktrace-parse-297da6-aaa32681a0b3.js","script","githubassets.com","","",""
"2.44","https://github.githubassets.com/assets/webgl-globe-d9a3329d3745.js","script","githubassets.com","","",""
"2.44","https://github.githubassets.com/assets/wp-runtime-682201060c18.js","script","githubassets.com","","",""
"2.44","https://googleads.g.doubleclick.net/pagead/viewthroughconversion/1031045926/","script","doubleclick.net","DoubleClick","US","DoubleClick > Google > Alphabet"
"2.44","https://googleads.g.doubleclick.net/pagead/viewthroughconversion/1060768846/","script","doubleclick.net","DoubleClick","US","DoubleClick > Google > Alphabet"
"2.44","https://googleads.g.doubleclick.net/pagead/viewthroughconversion/448309109/","script","doubleclick.net","DoubleClick","US","DoubleClick > Google > Alphabet"
"2.44","https://googleads.g.doubleclick.net/pagead/viewthroughconversion/964850563/","script","doubleclick.net","DoubleClick","US","DoubleClick > Google > Alphabet"
"2.44","https://googleads.g.doubleclick.net/pagead/viewthroughconversion/970383110/","script","doubleclick.net","DoubleClick","US","DoubleClick > Google > Alphabet"
"2.44","https://gum.criteo.com/sync","script","criteo.com","Criteo","FR","Criteo"
"2.44","https://hal9000.redintelligence.net/zone/eoj7iutodpqy","script","redintelligence.net","","",""
"2.44","https://hal900017.redintelligence.net/request.php","script","redintelligence.net","","",""
"2.44","https://hal900017.redintelligence.net/viewability","script","redintelligence.net","","",""
"2.44","https://id.cxense.com/public/user/id","script","cxense.com","Cxense","NO","Cxense"
"2.44","https://ih.adscale.de/sium/4ae135b3c1164b93b6ec4072417396a6/1670834339976/0/js","script","adscale.de","AdScale","DE","AdScale > Check Point"
"2.44","https://ih.adscale.de/sium/81857462c7ef483e92a03e44cdc82359/1670834249438/0/js","script","adscale.de","AdScale","DE","AdScale > Check Point"
"2.44","https://images-eu.ssl-images-amazon.com/images/I/01rGP6HIADL.js","script","ssl-images-amazon.com","Amazon","US","Amazon"
"2.44","https://images-eu.ssl-images-amazon.com/images/I/11y85pohsPL._RC%7C41jWkdimWrL.js_.js","script","ssl-images-amazon.com","Amazon","US","Amazon"
"2.44","https://images-eu.ssl-images-amazon.com/images/I/31Cy+NGzKEL.js","script","ssl-images-amazon.com","Amazon","US","Amazon"
"2.44","https://images-eu.ssl-images-amazon.com/images/I/31KRqNXuD3L.js","script","ssl-images-amazon.com","Amazon","US","Amazon"
"2.44","https://images-eu.ssl-images-amazon.com/images/I/31QYhx-taiL.js","script","ssl-images-amazon.com","Amazon","US","Amazon"
"2.44","https://images-eu.ssl-images-amazon.com/images/I/31YI0nnbQAL.js","script","ssl-images-amazon.com","Amazon","US","Amazon"
"2.44","https://images-eu.ssl-images-amazon.com/images/I/31pneeuyV9L.js","script","ssl-images-amazon.com","Amazon","US","Amazon"
"2.44","https://images-eu.ssl-images-amazon.com/images/I/41tzoPFCwgL._RC%7C71EURm-HGML.js,01A8CUOyW-L.js,01phmzCOwJL.js,01eOvPdxG7L.js,61Z8L6WvH-L.js,41gNKoK0s7L.js,115pV8Rl02L.js,01+pnQJuQ0L.js,21B2DIXDm+L.js,11k47yUMOjL.js,41rU9l+NGKL.js,51t-JTxfnwL.js,3139RQ5qhCL.js,11lEMI5MhIL.js,31UsGkeqBUL.js,01LEzWzrPZL.js,01AqeWA7PKL.js_.js","script","ssl-images-amazon.com","Amazon","US","Amazon"
"2.44","https://images-na.ssl-images-amazon.com/images/I/01rGP6HIADL.js","script","ssl-images-amazon.com","Amazon","US","Amazon"
"2.44","https://images-na.ssl-images-amazon.com/images/I/11Y+5x+kkTL._RC%7C51fH61+ExwL.js,11yKORv-GTL.js,11giXtZCwVL.js,01+z+uIeJ-L.js,01VRMV3FBdL.js,21SDJtBU-PL.js,012FVc3131L.js,11rRjDLdAVL.js,516j7qaWchL.js,11kWu3cNjYL.js,11aKqyRXooL.js,11OREnu1epL.js,11qVTZscrRL.js,21ssiLNIZvL.js,0190vxtlzcL.js,51+N26vFcBL.js,01JYHc2oIlL.js,31nfKXylf6L.js,01ezj5Rkz1L.js,11bEz2VIYrL.js,31o2NGTXThL.js,01rpauTep4L.js,011NsRFrIaL.js_.js","script","ssl-images-amazon.com","Amazon","US","Amazon"
"2.44","https://images-na.ssl-images-amazon.com/images/I/11t0zqtkxpL._RC%7C41jWkdimWrL.js_.js","script","ssl-images-amazon.com","Amazon","US","Amazon"
"2.44","https://images-na.ssl-images-amazon.com/images/I/31YI0nnbQAL.js","script","ssl-images-amazon.com","Amazon","US","Amazon"
"2.44","https://images-na.ssl-images-amazon.com/images/I/31YXrY93hfL.js","script","ssl-images-amazon.com","Amazon","US","Amazon"
"2.44","https://images-na.ssl-images-amazon.com/images/I/31m52POGfNL.js","script","ssl-images-amazon.com","Amazon","US","Amazon"
"2.44","https://images-na.ssl-images-amazon.com/images/I/51SrwqaWgEL.js","script","ssl-images-amazon.com","Amazon","US","Amazon"
"2.44","https://images-na.ssl-images-amazon.com/images/I/61lemL2h6EL.js","script","ssl-images-amazon.com","Amazon","US","Amazon"
"2.44","https://imagesrv.adition.com/js/adition.js","script","adition.com","Adition Technologies","DE","Adition Technologies"
"2.44","https://imasdk.googleapis.com/js/sdkloader/ima3_dai.js","script","googleapis.com","Google APIs","US","Google APIs > Google > Alphabet"
"2.44","https://jptdpz43r4.kameleoon.eu/kameleoon.js","script","kameleoon.eu","","",""
"2.44","https://k.twitchcdn.net/149e9513-01fa-4fb0-aad4-566afd725d1b/2d206a39-8ed7-437e-a3be-862e0f06eea3/p.js","script","twitchcdn.net","","",""
"2.44","https://letterbox-web.srgssr.ch/v/3.18/letterbox.js","script","srgssr.ch","","",""
"2.44","https://lf16-tiktok-web.ttwstatic.com/obj/tiktok-web-us/pns/tiktok-cookie-banner/1.0.0.158/default.esm.js","script","ttwstatic.com","","",""
"2.44","https://lf16-tiktok-web.ttwstatic.com/obj/tiktok-web-us/tiktok/webapp/main/webapp-desktop/1319.187d38b59be6578de5b3.js","script","ttwstatic.com","","",""
"2.44","https://lf16-tiktok-web.ttwstatic.com/obj/tiktok-web-us/tiktok/webapp/main/webapp-desktop/2322.bb70c5a33b30e3ca6382.js","script","ttwstatic.com","","",""
"2.44","https://lf16-tiktok-web.ttwstatic.com/obj/tiktok-web-us/tiktok/webapp/main/webapp-desktop/2388.cb60e3b1d7a2596e6bc3.js","script","ttwstatic.com","","",""
"2.44","https://lf16-tiktok-web.ttwstatic.com/obj/tiktok-web-us/tiktok/webapp/main/webapp-desktop/351.d93344bf5de8b870190b.js","script","ttwstatic.com","","",""
"2.44","https://lf16-tiktok-web.ttwstatic.com/obj/tiktok-web-us/tiktok/webapp/main/webapp-desktop/3641.8a52789c7c4712e1f8b3.js","script","ttwstatic.com","","",""
"2.44","https://lf16-tiktok-web.ttwstatic.com/obj/tiktok-web-us/tiktok/webapp/main/webapp-desktop/427.8024e731f06faeac60a0.js","script","ttwstatic.com","","",""
"2.44","https://lf16-tiktok-web.ttwstatic.com/obj/tiktok-web-us/tiktok/webapp/main/webapp-desktop/4337.1a292366080b62735f5a.js","script","ttwstatic.com","","",""
"2.44","https://lf16-tiktok-web.ttwstatic.com/obj/tiktok-web-us/tiktok/webapp/main/webapp-desktop/4486.e6c94ee19f16fc202c96.js","script","ttwstatic.com","","",""
"2.44","https://lf16-tiktok-web.ttwstatic.com/obj/tiktok-web-us/tiktok/webapp/main/webapp-desktop/50.8c6a153eb4994113c52e.js","script","ttwstatic.com","","",""
"2.44","https://lf16-tiktok-web.ttwstatic.com/obj/tiktok-web-us/tiktok/webapp/main/webapp-desktop/5714.240057010fa8f14c0c0c.js","script","ttwstatic.com","","",""
"2.44","https://lf16-tiktok-web.ttwstatic.com/obj/tiktok-web-us/tiktok/webapp/main/webapp-desktop/7063.c26748490bc2e92e37e6.js","script","ttwstatic.com","","",""
"2.44","https://lf16-tiktok-web.ttwstatic.com/obj/tiktok-web-us/tiktok/webapp/main/webapp-desktop/7155.fdff2f9824016899b0f9.js","script","ttwstatic.com","","",""
"2.44","https://lf16-tiktok-web.ttwstatic.com/obj/tiktok-web-us/tiktok/webapp/main/webapp-desktop/761.adb7754f8afb48345fba.js","script","ttwstatic.com","","",""
"2.44","https://lf16-tiktok-web.ttwstatic.com/obj/tiktok-web-us/tiktok/webapp/main/webapp-desktop/9050.1c888dcbecb0184c6d56.js","script","ttwstatic.com","","",""
"2.44","https://lf16-tiktok-web.ttwstatic.com/obj/tiktok-web-us/tiktok/webapp/main/webapp-desktop/9230.d413824363e9b0058801.js","script","ttwstatic.com","","",""
"2.44","https://lf16-tiktok-web.ttwstatic.com/obj/tiktok-web-us/tiktok/webapp/main/webapp-desktop/es-polyfill.00f62c2bd39272f135b6.js","script","ttwstatic.com","","",""
"2.44","https://lf16-tiktok-web.ttwstatic.com/obj/tiktok-web-us/tiktok/webapp/main/webapp-desktop/foryou.eea3c0002605064750f3.js","script","ttwstatic.com","","",""
"2.44","https://lf16-tiktok-web.ttwstatic.com/obj/tiktok-web-us/tiktok/webapp/main/webapp-desktop/npm-596046b7.66956e5db9de9916b597.js","script","ttwstatic.com","","",""
"2.44","https://lf16-tiktok-web.ttwstatic.com/obj/tiktok-web-us/tiktok/webapp/main/webapp-desktop/npm-74d9c565.feafe07cabbfd1b1dfee.js","script","ttwstatic.com","","",""
"2.44","https://lf16-tiktok-web.ttwstatic.com/obj/tiktok-web-us/tiktok/webapp/main/webapp-desktop/npm-7842561a.75388809c0b96ba92ccc.js","script","ttwstatic.com","","",""
"2.44","https://lf16-tiktok-web.ttwstatic.com/obj/tiktok-web-us/tiktok/webapp/main/webapp-desktop/npm-async-04a93705.c640f646166bd3f5632d.js","script","ttwstatic.com","","",""
"2.44","https://lf16-tiktok-web.ttwstatic.com/obj/tiktok-web-us/tiktok/webapp/main/webapp-desktop/npm-async-12d9bf4a.1cad44ac41316a48cbbe.js","script","ttwstatic.com","","",""
"2.44","https://lf16-tiktok-web.ttwstatic.com/obj/tiktok-web-us/tiktok/webapp/main/webapp-desktop/npm-async-21222ed1.ddd9aaae6149d4197db0.js","script","ttwstatic.com","","",""
"2.44","https://lf16-tiktok-web.ttwstatic.com/obj/tiktok-web-us/tiktok/webapp/main/webapp-desktop/npm-async-23cd8f4a.0e5553e9cf93f8f5cf73.js","script","ttwstatic.com","","",""
"2.44","https://lf16-tiktok-web.ttwstatic.com/obj/tiktok-web-us/tiktok/webapp/main/webapp-desktop/npm-async-25d5c6b3.6dbc58fbb63f063f5eea.js","script","ttwstatic.com","","",""
"2.44","https://lf16-tiktok-web.ttwstatic.com/obj/tiktok-web-us/tiktok/webapp/main/webapp-desktop/npm-async-2de202ba.7536c56b7dd8b12e5358.js","script","ttwstatic.com","","",""
"2.44","https://lf16-tiktok-web.ttwstatic.com/obj/tiktok-web-us/tiktok/webapp/main/webapp-desktop/npm-async-2fa33d53.15397e33143c02a340dd.js","script","ttwstatic.com","","",""
"2.44","https://lf16-tiktok-web.ttwstatic.com/obj/tiktok-web-us/tiktok/webapp/main/webapp-desktop/npm-async-353d22ca.ace5a25c186b5776b655.js","script","ttwstatic.com","","",""
"2.44","https://lf16-tiktok-web.ttwstatic.com/obj/tiktok-web-us/tiktok/webapp/main/webapp-desktop/npm-async-382d4a75.e1efaaf74c0a27e1e8df.js","script","ttwstatic.com","","",""
"2.44","https://lf16-tiktok-web.ttwstatic.com/obj/tiktok-web-us/tiktok/webapp/main/webapp-desktop/npm-async-3c5f6aef.cade3a3472f3c9a7ef0e.js","script","ttwstatic.com","","",""
"2.44","https://lf16-tiktok-web.ttwstatic.com/obj/tiktok-web-us/tiktok/webapp/main/webapp-desktop/npm-async-3dc52e2f.2597f20dfd479e6daf79.js","script","ttwstatic.com","","",""
"2.44","https://lf16-tiktok-web.ttwstatic.com/obj/tiktok-web-us/tiktok/webapp/main/webapp-desktop/npm-async-48fb10b1.76e1f918bc6f7cd4e617.js","script","ttwstatic.com","","",""
"2.44","https://lf16-tiktok-web.ttwstatic.com/obj/tiktok-web-us/tiktok/webapp/main/webapp-desktop/npm-async-5105ae27.b8ff7a5d4c79be597cb3.js","script","ttwstatic.com","","",""
"2.44","https://lf16-tiktok-web.ttwstatic.com/obj/tiktok-web-us/tiktok/webapp/main/webapp-desktop/npm-async-5126d1a3.370f18213ac064ceedad.js","script","ttwstatic.com","","",""
"2.44","https://lf16-tiktok-web.ttwstatic.com/obj/tiktok-web-us/tiktok/webapp/main/webapp-desktop/npm-async-56ef6f92.a241ea969392a43a16af.js","script","ttwstatic.com","","",""
"2.44","https://lf16-tiktok-web.ttwstatic.com/obj/tiktok-web-us/tiktok/webapp/main/webapp-desktop/npm-async-596046b7.4afd78d6e4d7f3502a25.js","script","ttwstatic.com","","",""
"2.44","https://lf16-tiktok-web.ttwstatic.com/obj/tiktok-web-us/tiktok/webapp/main/webapp-desktop/npm-async-5f0f1228.51727bba5fbe628cbe73.js","script","ttwstatic.com","","",""
"2.44","https://lf16-tiktok-web.ttwstatic.com/obj/tiktok-web-us/tiktok/webapp/main/webapp-desktop/npm-async-6801073e.3a80121c4a4439214bdc.js","script","ttwstatic.com","","",""
"2.44","https://lf16-tiktok-web.ttwstatic.com/obj/tiktok-web-us/tiktok/webapp/main/webapp-desktop/npm-async-71a668e7.38b9391bba551eb35465.js","script","ttwstatic.com","","",""
"2.44","https://lf16-tiktok-web.ttwstatic.com/obj/tiktok-web-us/tiktok/webapp/main/webapp-desktop/npm-async-754771ea.558d08a01c66ea01e8ce.js","script","ttwstatic.com","","",""
"2.44","https://lf16-tiktok-web.ttwstatic.com/obj/tiktok-web-us/tiktok/webapp/main/webapp-desktop/npm-async-7847f50e.e61d531e9b7927af5483.js","script","ttwstatic.com","","",""
"2.44","https://lf16-tiktok-web.ttwstatic.com/obj/tiktok-web-us/tiktok/webapp/main/webapp-desktop/npm-async-876a5629.4466da21cb6841e8e966.js","script","ttwstatic.com","","",""
"2.44","https://lf16-tiktok-web.ttwstatic.com/obj/tiktok-web-us/tiktok/webapp/main/webapp-desktop/npm-async-87e0bff3.e61862592a7be5b702ad.js","script","ttwstatic.com","","",""
"2.44","https://lf16-tiktok-web.ttwstatic.com/obj/tiktok-web-us/tiktok/webapp/main/webapp-desktop/npm-async-897bfa5e.158f1266e1d968d8e5fd.js","script","ttwstatic.com","","",""
"2.44","https://lf16-tiktok-web.ttwstatic.com/obj/tiktok-web-us/tiktok/webapp/main/webapp-desktop/npm-async-8e752ca9.642f2c19b46d52dd3cee.js","script","ttwstatic.com","","",""
"2.44","https://lf16-tiktok-web.ttwstatic.com/obj/tiktok-web-us/tiktok/webapp/main/webapp-desktop/npm-async-aee5bb16.5f4c577124cdc8a189c1.js","script","ttwstatic.com","","",""
"2.44","https://lf16-tiktok-web.ttwstatic.com/obj/tiktok-web-us/tiktok/webapp/main/webapp-desktop/npm-async-b2e9a6b4.6a37f00c0800f8eb7c09.js","script","ttwstatic.com","","",""
"2.44","https://lf16-tiktok-web.ttwstatic.com/obj/tiktok-web-us/tiktok/webapp/main/webapp-desktop/npm-async-b59369ff.78b03984f6c481214b2b.js","script","ttwstatic.com","","",""
"2.44","https://lf16-tiktok-web.ttwstatic.com/obj/tiktok-web-us/tiktok/webapp/main/webapp-desktop/npm-async-c08931d1.d43978f033b0a7ee8c65.js","script","ttwstatic.com","","",""
"2.44","https://lf16-tiktok-web.ttwstatic.com/obj/tiktok-web-us/tiktok/webapp/main/webapp-desktop/npm-async-c743374d.12e8ded6cb3bcdf4b6d2.js","script","ttwstatic.com","","",""
"2.44","https://lf16-tiktok-web.ttwstatic.com/obj/tiktok-web-us/tiktok/webapp/main/webapp-desktop/npm-async-c906bf61.8069cc2df198aec7e46c.js","script","ttwstatic.com","","",""
