"use_category","percent_crawls_w_use","ave_occurances_per_page","percentage_of_use_w_cookie","percentage_of_use_ssl"
"audience_measurement","46.34","2.84","3.7","100.0"
"code","36.59","1.13","0.0","100.0"
"compliance","2.44","2.0","0.0","100.0"
"content_recommendation","7.32","1.33","0.0","100.0"
"customer_relationship_management","2.44","1.0","0.0","100.0"
"design_optimization","12.2","1.2","16.67","100.0"
"domain_registration","2.44","1.0","100.0","100.0"
"ecommerce","2.44","1.0","0.0","100.0"
"general","19.51","1.25","0.0","100.0"
"holding_company","2.44","1.0","0.0","100.0"
"hosting","60.98","2.44","3.28","100.0"
"marketing","78.05","10.53","4.45","100.0"
"payment_platform","","","",""
"security","4.88","1.0","0.0","100.0"
"social_media","39.02","2.62","2.38","100.0"
"tag_manager","46.34","1.16","0.0","100.0"
"video","12.2","1.8","11.11","100.0"
