"percentage_crawls_tracked","owner","owner_country","owner_lineage"
"63.41","Alphabet","US","Alphabet"
"63.41","Google","US","Google > Alphabet"
"41.46","Google Tag Manager","US","Google Tag Manager > Google > Alphabet"
"36.59","DoubleClick","US","DoubleClick > Google > Alphabet"
"31.71","Google Analytics","US","Google Analytics > Google > Alphabet"
"31.71","Google APIs","US","Google APIs > Google > Alphabet"
"26.83","Microsoft","US","Microsoft"
"24.39","comScore","US","comScore"
"24.39","Facebook","US","Facebook"
"24.39","ScorecardResearch","US","ScorecardResearch > comScore"
"21.95","Amazon","US","Amazon"
"21.95","AT&T","US","AT&T"
"21.95","Xandr","US","Xandr > AT&T"
"17.07","AdSense","US","AdSense > Google > Alphabet"
"17.07","Criteo","FR","Criteo"
"14.63","AdForm","DK","AdForm"
"14.63","Adobe Experience Cloud","US","Adobe Experience Cloud > Adobe Systems"
"14.63","Adobe Systems","US","Adobe Systems"
"14.63","Amazon Marketing Services","US","Amazon Marketing Services > Amazon"
"14.63","Index Exchange","CA","Index Exchange"
"14.63","Integral Ad Science","US","Integral Ad Science"
"14.63","Twitter","US","Twitter"
"12.2","Adition Technologies","DE","Adition Technologies"
"12.2","Akamai","US","Akamai"
"12.2","Bidswitch","US","Bidswitch > IPONWEB"
"12.2","Bing","US","Bing > Microsoft"
"12.2","IPONWEB","UK","IPONWEB"
"12.2","OpenX","US","OpenX"
"12.2","PubMatic","US","PubMatic"
"12.2","Quantcast","US","Quantcast"
"12.2","The Trade Desk","US","The Trade Desk"
"12.2","Verizon","US","Verizon"
"12.2","Verizon Media","US","Verizon Media > Verizon"
"12.2","Yahoo","US","Yahoo > Verizon Media > Verizon"
"9.76","Adobe Audience Manager","US","Adobe Audience Manager > Adobe Experience Cloud > Adobe Systems"
"9.76","Beeswax","US","Beeswax"
"9.76","Chartbeat","US","Chartbeat"
"9.76","Conversant Media","US","Conversant Media > Here, There & Everywhere"
"9.76","Crimtan","UK","Crimtan"
"9.76","Dotomi","US","Dotomi > Conversant Media > Here, There & Everywhere"
"9.76","Exponential Advertising Intelligence","US","Exponential Advertising Intelligence"
"9.76","GTCR","US","GTCR"
"9.76","Here, There & Everywhere","AU","Here, There & Everywhere"
"9.76","Loopme","UK","Loopme"
"9.76","Marimedia","IL","Marimedia"
"9.76","Media Math","US","Media Math"
"9.76","PulsePoint","US","PulsePoint"
"9.76","Rubicon Project","US","Rubicon Project"
"9.76","simpli.fi","US","simpli.fi > GTCR"
"9.76","Smart AdServer","FR","Smart AdServer"
"9.76","Taptica","US","Taptica > Marimedia"
"9.76","Tribal Fusion","US","Tribal Fusion > Exponential Advertising Intelligence"
"9.76","TripleLift","US","TripleLift"
"7.32","AdGear","CA","AdGear > Samsung"
"7.32","AdScale","DE","AdScale > Check Point"
"7.32","Amobee","US","Amobee > Singtel"
"7.32","Bidtheatre","SE","Bidtheatre"
"7.32","Blinkx","US","Blinkx > RhythmOne > Taptica > Marimedia"
"7.32","Check Point","US","Check Point"
"7.32","Engine Media Exchange","US","Engine Media Exchange"
"7.32","Fifty Technology","UK","Fifty Technology"
"7.32","jsDelivr","US","jsDelivr > Prospect One"
"7.32","LinkedIn","US","LinkedIn > Microsoft"
"7.32","Lotame","US","Lotame"
"7.32","OnAudience","UK","OnAudience"
"7.32","Pinterest","US","Pinterest"
"7.32","Prospect One","US","Prospect One"
"7.32","RhythmOne","US","RhythmOne > Taptica > Marimedia"
"7.32","Samsung","KR","Samsung"
"7.32","Semasio","DE","Semasio"
"7.32","Sharethrough","US","Sharethrough"
"7.32","Singtel","SG","Singtel"
"7.32","Taboola","US","Taboola"
"7.32","Tealium","US","Tealium"
"7.32","Turn","US","Turn > Amobee > Singtel"
"7.32","Yieldmo","US","Yieldmo"
"7.32","Zeotap","DE","Zeotap"
"4.88","Acxiom","US","Acxiom"
"4.88","ADYOULIKE","US","ADYOULIKE"
"4.88","Altice SA","LU","Altice SA"
"4.88","Amazon Web Services","US","Amazon Web Services > Amazon"
"4.88","Azerion","NL","Azerion"
"4.88","Cloudflare","US","Cloudflare"
"4.88","DataXu","US","DataXu"
"4.88","Federated Media","US","Federated Media"
"4.88","GroupM","UK","GroupM > WPP"
"4.88","Hotjar","MT","Hotjar"
"4.88","ID5 Technology","UK","ID5 Technology"
"4.88","Improve Digital","NL","Improve Digital > Azerion"
"4.88","LiveRamp","US","LiveRamp > Acxiom"
"4.88","Longtail Ad Solutions","US","Longtail Ad Solutions"
"4.88","Media.net","US","Media.net"
"4.88","Moat","US","Moat > Oracle Data Cloud > Oracle"
"4.88","Oracle","US","Oracle"
"4.88","Oracle Data Cloud","US","Oracle Data Cloud > Oracle"
"4.88","plista","DE","plista > GroupM > WPP"
"4.88","Rocketfuel","US","Rocketfuel > Sizmek > Amazon"
"4.88","Sizmek","US","Sizmek > Amazon"
"4.88","Sovrn","US","Sovrn > Federated Media"
"4.88","Ströer","DE","Ströer"
"4.88","Teads","US","Teads > Altice SA"
"4.88","Webtrekk","DE","Webtrekk"
"4.88","WPP","UK","WPP"
"4.88","YouTube","US","YouTube > Google > Alphabet"
"2.44","Alibaba","CN","Alibaba"
"2.44","Alibaba Cloud","CN","Alibaba Cloud > Alibaba"
"2.44","Alimama","CN","Alimama > Alibaba"
"2.44","Amp Project","US","Amp Project > Google > Alphabet"
"2.44","Aol","US","Aol > Verizon Media > Verizon"
"2.44","AWIN","DE","AWIN > Axel Springer"
"2.44","Axel Springer","DE","Axel Springer"
"2.44","Centro","US","Centro"
"2.44","Clickagy","US","Clickagy"
"2.44","Crazy Egg","US","Crazy Egg"
"2.44","Cxense","NO","Cxense"
"2.44","Demandbase","US","Demandbase"
"2.44","Dynadmic","FR","Dynadmic"
"2.44","Fandom","US","Fandom"
"2.44","Golden Gate Capital","US","Golden Gate Capital"
"2.44","Gumgum","US","Gumgum"
"2.44","IAB Europe","BE","IAB Europe"
"2.44","Imgix","US","Imgix"
"2.44","Inmobi","IN","Inmobi"
"2.44","Instagram","US","Instagram > Facebook"
"2.44","Linkpulse","NO","Linkpulse > plista > GroupM > WPP"
"2.44","Nativo","US","Nativo"
"2.44","Netflix","US","Netflix"
"2.44","Neustar","US","Neustar > Golden Gate Capital"
"2.44","Neustar Marketing","US","Neustar Marketing > Neustar > Golden Gate Capital"
"2.44","Nielsen Online","US","Nielsen Online"
"2.44","ONE by Aol","US","ONE by Aol > Aol > Verizon Media > Verizon"
"2.44","Optimizely","US","Optimizely"
"2.44","Oracle Blue Kai","US","Oracle Blue Kai > Oracle Data Cloud > Oracle"
"2.44","Outbrain","US","Outbrain"
"2.44","Permutive","UK","Permutive"
"2.44","Salesforce","US","Salesforce"
"2.44","Salesforce DMP","US","Salesforce DMP > Salesforce"
"2.44","Signal Digital","US","Signal Digital"
"2.44","SiteScout","US","SiteScout > Centro"
"2.44","Spot X Change","US","Spot X Change"
"2.44","Taobao","CN","Taobao > Alibaba"
"2.44","TapAd","US","TapAd > Telenor"
"2.44","Telenor","NO","Telenor"
"2.44","Tremor Video","US","Tremor Video > Taptica > Marimedia"
"2.44","TrustArc","US","TrustArc"
"2.44","Visual Website Optimizer","IN","Visual Website Optimizer > Wingify"
"2.44","Weborama","FR","Weborama"
"2.44","Wingify","IN","Wingify"
"2.44","Xaxis","US","Xaxis > GroupM > WPP"
"2.44","Yandex","RU","Yandex"
"2.44","Yieldlab","DE","Yieldlab"
