"page_domain","3p_request_domain","3p_domain_owner","3p_domain_owner_country"
"20min.ch","adnxs-simple.com","",""
"20min.ch","adnxs.com","Xandr","US"
"20min.ch","adsafeprotected.com","Integral Ad Science","US"
"20min.ch","amazonaws.com","Amazon Web Services","US"
"20min.ch","casalemedia.com","Index Exchange","CA"
"20min.ch","company-target.com","Demandbase","US"
"20min.ch","cookielaw.org","",""
"20min.ch","da-services.ch","",""
"20min.ch","digitaleast.mobi","",""
"20min.ch","doubleclick.net","DoubleClick","US"
"20min.ch","facebook.com","Facebook","US"
"20min.ch","facebook.net","Facebook","US"
"20min.ch","fooby.ch","",""
"20min.ch","gammaplatform.com","",""
"20min.ch","google-analytics.com","Google Analytics","US"
"20min.ch","google.ch","Google","US"
"20min.ch","google.com","Google","US"
"20min.ch","googletagmanager.com","Google Tag Manager","US"
"20min.ch","gstatic.com","Google","US"
"20min.ch","indexww.com","Index Exchange","CA"
"20min.ch","jsdelivr.net","jsDelivr","US"
"20min.ch","loopme.me","Loopme","UK"
"20min.ch","mpod.ch","",""
"20min.ch","onetrust.com","",""
"20min.ch","scorecardresearch.com","ScorecardResearch","US"
"20min.ch","tamedia.ch","",""
"20min.ch","tamedia.link","",""
"20min.ch","tda.link","",""
"20min.ch","tiktok.com","",""
"20min.ch","unitycms.io","",""
"20min.ch","visualwebsiteoptimizer.com","Visual Website Optimizer","IN"
"20min.ch","zemanta.com","",""
"9gag.com","1rx.io","Blinkx","US"
"9gag.com","3lift.com","TripleLift","US"
"9gag.com","9cache.com","",""
"9gag.com","ad-delivery.net","",""
"9gag.com","adform.net","AdForm","DK"
"9gag.com","adgrx.com","AdGear","CA"
"9gag.com","adition.com","Adition Technologies","DE"
"9gag.com","admedo.com","",""
"9gag.com","admixer.net","",""
"9gag.com","adnxs.com","Xandr","US"
"9gag.com","adscale.de","AdScale","DE"
"9gag.com","adsrvr.org","The Trade Desk","US"
"9gag.com","amazon-adsystem.com","Amazon Marketing Services","US"
"9gag.com","audrte.com","",""
"9gag.com","avct.cloud","",""
"9gag.com","awin1.com","AWIN","DE"
"9gag.com","bidr.io","Beeswax","US"
"9gag.com","bidswitch.net","Bidswitch","US"
"9gag.com","bidtheatre.com","Bidtheatre","SE"
"9gag.com","btloader.com","",""
"9gag.com","casalemedia.com","Index Exchange","CA"
"9gag.com","clickagy.com","Clickagy","US"
"9gag.com","conrad.ch","",""
"9gag.com","consensu.org","IAB Europe","BE"
"9gag.com","contextweb.com","PulsePoint","US"
"9gag.com","creativecdn.com","",""
"9gag.com","criteo.com","Criteo","FR"
"9gag.com","crwdcntrl.net","Lotame","US"
"9gag.com","ctnsnet.com","Crimtan","UK"
"9gag.com","de17a.com","",""
"9gag.com","demdex.net","Adobe Audience Manager","US"
"9gag.com","digitaleast.mobi","",""
"9gag.com","dotomi.com","Dotomi","US"
"9gag.com","doubleclick.net","DoubleClick","US"
"9gag.com","emxdgt.com","Engine Media Exchange","US"
"9gag.com","erne.co","",""
"9gag.com","eu-1-id5-sync.com","",""
"9gag.com","everesttech.net","Adobe Experience Cloud","US"
"9gag.com","facebook.com","Facebook","US"
"9gag.com","facebook.net","Facebook","US"
"9gag.com","fiftyt.com","Fifty Technology","UK"
"9gag.com","google-analytics.com","Google Analytics","US"
"9gag.com","google.ch","Google","US"
"9gag.com","google.com","Google","US"
"9gag.com","googleapis.com","Google APIs","US"
"9gag.com","googlesyndication.com","AdSense","US"
"9gag.com","googletagservices.com","Google Tag Manager","US"
"9gag.com","gstatic.com","Google","US"
"9gag.com","id5-sync.com","ID5 Technology","UK"
"9gag.com","indexww.com","Index Exchange","CA"
"9gag.com","inmobi.com","Inmobi","IN"
"9gag.com","iprom.net","",""
"9gag.com","js7k.com","",""
"9gag.com","lijit.com","Sovrn","US"
"9gag.com","linkedin.com","LinkedIn","US"
"9gag.com","loopme.me","Loopme","UK"
"9gag.com","mathtag.com","Media Math","US"
"9gag.com","mfadsrvr.com","",""
"9gag.com","moatads.com","Moat","US"
"9gag.com","omnitagjs.com","ADYOULIKE","US"
"9gag.com","onaudience.com","OnAudience","UK"
"9gag.com","onetag-sys.com","",""
"9gag.com","openx.net","OpenX","US"
"9gag.com","opera.com","",""
"9gag.com","permutive.app","",""
"9gag.com","permutive.com","Permutive","UK"
"9gag.com","playground.xyz","",""
"9gag.com","postrelease.com","Nativo","US"
"9gag.com","primis.tech","",""
"9gag.com","privacymanager.io","",""
"9gag.com","pubmatic.com","PubMatic","US"
"9gag.com","quantcast.com","Quantcast","US"
"9gag.com","quantcount.com","Quantcast","US"
"9gag.com","quantserve.com","Quantcast","US"
"9gag.com","redintelligence.net","",""
"9gag.com","rfihub.com","Rocketfuel","US"
"9gag.com","richaudience.com","",""
"9gag.com","rlcdn.com","LiveRamp","US"
"9gag.com","rubiconproject.com","Rubicon Project","US"
"9gag.com","scoota.co","",""
"9gag.com","scorecardresearch.com","ScorecardResearch","US"
"9gag.com","semasio.net","Semasio","DE"
"9gag.com","sharethrough.com","Sharethrough","US"
"9gag.com","simpli.fi","simpli.fi","US"
"9gag.com","sitescout.com","SiteScout","US"
"9gag.com","smaato.net","",""
"9gag.com","smartadserver.com","Smart AdServer","FR"
"9gag.com","smilewanted.com","",""
"9gag.com","socdm.com","",""
"9gag.com","spotxchange.com","Spot X Change","US"
"9gag.com","stackadapt.com","",""
"9gag.com","taboola.com","Taboola","US"
"9gag.com","tapad.com","TapAd","US"
"9gag.com","tribalfusion.com","Tribal Fusion","US"
"9gag.com","truffle.bid","",""
"9gag.com","turn.com","Turn","US"
"9gag.com","w55c.net","DataXu","US"
"9gag.com","weborama.fr","Weborama","FR"
"9gag.com","yahoo.com","Yahoo","US"
"9gag.com","yieldmo.com","Yieldmo","US"
"9gag.com","yimg.com","Yahoo","US"
"9gag.com","zeotap.com","Zeotap","DE"
"admin.ch","ch.ch","",""
"admin.ch","doubleclick.net","DoubleClick","US"
"admin.ch","ggpht.com","Google","US"
"admin.ch","google.com","Google","US"
"admin.ch","googleapis.com","Google APIs","US"
"admin.ch","gstatic.com","Google","US"
"admin.ch","twimg.com","Twitter","US"
"admin.ch","twitter.com","Twitter","US"
"admin.ch","youtube.com","YouTube","US"
"admin.ch","ytimg.com","YouTube","US"
"aliexpress.com","360yield.com","Improve Digital","NL"
"aliexpress.com","3lift.com","TripleLift","US"
"aliexpress.com","adform.net","AdForm","DK"
"aliexpress.com","adnxs.com","Xandr","US"
"aliexpress.com","akamaized.net","Akamai","US"
"aliexpress.com","aliapp.org","",""
"aliexpress.com","alibaba.com","Alibaba","CN"
"aliexpress.com","alicdn.com","Alibaba Cloud","CN"
"aliexpress.com","aliexpress.ru","",""
"aliexpress.com","aliexpress.us","",""
"aliexpress.com","betweendigital.com","",""
"aliexpress.com","bidswitch.net","Bidswitch","US"
"aliexpress.com","bluevoox.com","",""
"aliexpress.com","casalemedia.com","Index Exchange","CA"
"aliexpress.com","creativecdn.com","",""
"aliexpress.com","criteo.com","Criteo","FR"
"aliexpress.com","criteo.net","Criteo","FR"
"aliexpress.com","demdex.net","Adobe Audience Manager","US"
"aliexpress.com","doubleclick.net","DoubleClick","US"
"aliexpress.com","emxdgt.com","Engine Media Exchange","US"
"aliexpress.com","facebook.com","Facebook","US"
"aliexpress.com","facebook.net","Facebook","US"
"aliexpress.com","google-analytics.com","Google Analytics","US"
"aliexpress.com","google.ch","Google","US"
"aliexpress.com","google.com","Google","US"
"aliexpress.com","googletagmanager.com","Google Tag Manager","US"
"aliexpress.com","id5-sync.com","ID5 Technology","UK"
"aliexpress.com","ivitrack.com","",""
"aliexpress.com","krxd.net","Salesforce DMP","US"
"aliexpress.com","media.net","Media.net","US"
"aliexpress.com","mediavine.com","",""
"aliexpress.com","mmstat.com","Alimama","CN"
"aliexpress.com","omnitagjs.com","ADYOULIKE","US"
"aliexpress.com","opera.com","",""
"aliexpress.com","outbrain.com","Outbrain","US"
"aliexpress.com","pubmatic.com","PubMatic","US"
"aliexpress.com","rubiconproject.com","Rubicon Project","US"
"aliexpress.com","sharethrough.com","Sharethrough","US"
"aliexpress.com","smartadserver.com","Smart AdServer","FR"
"aliexpress.com","taboola.com","Taboola","US"
"aliexpress.com","taobao.com","Taobao","CN"
"aliexpress.com","teads.tv","Teads","US"
"aliexpress.com","thebrighttag.com","Signal Digital","US"
"aliexpress.com","tremorhub.com","Tremor Video","US"
"aliexpress.com","yahoo.com","Yahoo","US"
"aliexpress.com","yandex.ru","Yandex","RU"
"aliexpress.com","yieldlab.net","Yieldlab","DE"
"aliexpress.com","yieldmo.com","Yieldmo","US"
"amazon.com","associates-amazon.com","",""
"amazon.com","cloudfront.net","Amazon","US"
"amazon.com","media-amazon.com","Amazon","US"
"amazon.com","ssl-images-amazon.com","Amazon","US"
"amazon.de","a2z.com","Amazon","US"
"amazon.de","amazon-adsystem.com","Amazon Marketing Services","US"
"amazon.de","amazon.com","Amazon","US"
"amazon.de","cloudfront.net","Amazon","US"
"amazon.de","media-amazon.com","Amazon","US"
"amazon.de","ssl-images-amazon.com","Amazon","US"
"bing.com","live.com","Microsoft","US"
"bing.com","microsoftonline.com","Microsoft","US"
"bing.com","msn.com","Microsoft","US"
"blick.ch","1rx.io","Blinkx","US"
"blick.ch","360yield.com","Improve Digital","NL"
"blick.ch","adconsole.ch","",""
"blick.ch","adform.net","AdForm","DK"
"blick.ch","adgrx.com","AdGear","CA"
"blick.ch","adition.com","Adition Technologies","DE"
"blick.ch","admeira.ch","",""
"blick.ch","adnxs-simple.com","",""
"blick.ch","adnxs.com","Xandr","US"
"blick.ch","adnz.co","",""
"blick.ch","adsafeprotected.com","Integral Ad Science","US"
"blick.ch","adscale.de","AdScale","DE"
"blick.ch","adsrvr.org","The Trade Desk","US"
"blick.ch","amazon-adsystem.com","Amazon Marketing Services","US"
"blick.ch","audrte.com","",""
"blick.ch","bidr.io","Beeswax","US"
"blick.ch","bidswitch.net","Bidswitch","US"
"blick.ch","bidtheatre.com","Bidtheatre","SE"
"blick.ch","blismedia.com","",""
"blick.ch","brandmetrics.com","",""
"blick.ch","businessclick.ch","",""
"blick.ch","casalemedia.com","Index Exchange","CA"
"blick.ch","clarium.io","",""
"blick.ch","confiant-integrations.net","",""
"blick.ch","contextweb.com","PulsePoint","US"
"blick.ch","criteo.com","Criteo","FR"
"blick.ch","criteo.net","Criteo","FR"
"blick.ch","crwdcntrl.net","Lotame","US"
"blick.ch","ctnsnet.com","Crimtan","UK"
"blick.ch","cwi.re","",""
"blick.ch","cxense.com","Cxense","NO"
"blick.ch","de17a.com","",""
"blick.ch","dotomi.com","Dotomi","US"
"blick.ch","doubleclick.net","DoubleClick","US"
"blick.ch","dreamlab.pl","",""
"blick.ch","erne.co","",""
"blick.ch","everesttech.net","Adobe Experience Cloud","US"
"blick.ch","facebook.com","Facebook","US"
"blick.ch","facebook.net","Facebook","US"
"blick.ch","fiftyt.com","Fifty Technology","UK"
"blick.ch","google-analytics.com","Google Analytics","US"
"blick.ch","google.ch","Google","US"
"blick.ch","google.com","Google","US"
"blick.ch","googleapis.com","Google APIs","US"
"blick.ch","googleoptimize.com","",""
"blick.ch","googlesyndication.com","AdSense","US"
"blick.ch","googletagmanager.com","Google Tag Manager","US"
"blick.ch","googletagservices.com","Google Tag Manager","US"
"blick.ch","gstatic.com","Google","US"
"blick.ch","h-cdn.com","",""
"blick.ch","ibillboard.com","",""
"blick.ch","indexww.com","Index Exchange","CA"
"blick.ch","iprom.net","",""
"blick.ch","jsdelivr.net","jsDelivr","US"
"blick.ch","jwpcdn.com","Longtail Ad Solutions","US"
"blick.ch","jwplayer.com","Longtail Ad Solutions","US"
"blick.ch","linkedin.com","LinkedIn","US"
"blick.ch","loopme.me","Loopme","UK"
"blick.ch","m6r.eu","Ströer","DE"
"blick.ch","mathtag.com","Media Math","US"
"blick.ch","mpod.ch","",""
"blick.ch","npttech.com","",""
"blick.ch","ocdn.eu","",""
"blick.ch","onaudience.com","OnAudience","UK"
"blick.ch","onesignal.com","",""
"blick.ch","onet.pl","",""
"blick.ch","opecloud.com","",""
"blick.ch","openx.net","OpenX","US"
"blick.ch","piano.io","",""
"blick.ch","playground.xyz","",""
"blick.ch","pubmatic.com","PubMatic","US"
"blick.ch","quantserve.com","Quantcast","US"
"blick.ch","realtimely.io","",""
"blick.ch","rubiconproject.com","Rubicon Project","US"
"blick.ch","scorecardresearch.com","ScorecardResearch","US"
"blick.ch","semasio.net","Semasio","DE"
"blick.ch","sentry.io","",""
"blick.ch","simpli.fi","simpli.fi","US"
"blick.ch","smartadserver.com","Smart AdServer","FR"
"blick.ch","stackadapt.com","",""
"blick.ch","taptapnetworks.com","",""
"blick.ch","tinypass.com","",""
"blick.ch","tribalfusion.com","Tribal Fusion","US"
"blick.ch","truffle.bid","",""
"blick.ch","turn.com","Turn","US"
"blick.ch","userreport.com","",""
"blick.ch","yahoo.com","Yahoo","US"
"blick.ch","yieldlove-ad-serving.net","",""
"blick.ch","yieldlove.com","",""
"blick.ch","zeotap.com","Zeotap","DE"
"bluewin.ch","1rx.io","Blinkx","US"
"bluewin.ch","3lift.com","TripleLift","US"
"bluewin.ch","adform.net","AdForm","DK"
"bluewin.ch","adgrx.com","AdGear","CA"
"bluewin.ch","adition.com","Adition Technologies","DE"
"bluewin.ch","admeira.ch","",""
"bluewin.ch","adnxs-simple.com","",""
"bluewin.ch","adnxs.com","Xandr","US"
"bluewin.ch","adsafeprotected.com","Integral Ad Science","US"
"bluewin.ch","adscale.de","AdScale","DE"
"bluewin.ch","adsrvr.org","The Trade Desk","US"
"bluewin.ch","amazon-adsystem.com","Amazon Marketing Services","US"
"bluewin.ch","audrte.com","",""
"bluewin.ch","bidr.io","Beeswax","US"
"bluewin.ch","bidswitch.net","Bidswitch","US"
"bluewin.ch","bidtheatre.com","Bidtheatre","SE"
"bluewin.ch","boltdns.net","",""
"bluewin.ch","brandmetrics.com","",""
"bluewin.ch","casalemedia.com","Index Exchange","CA"
"bluewin.ch","chartbeat.com","Chartbeat","US"
"bluewin.ch","chartbeat.net","Chartbeat","US"
"bluewin.ch","clarium.io","",""
"bluewin.ch","confiant-integrations.net","",""
"bluewin.ch","contextweb.com","PulsePoint","US"
"bluewin.ch","cookielaw.org","",""
"bluewin.ch","criteo.com","Criteo","FR"
"bluewin.ch","criteo.net","Criteo","FR"
"bluewin.ch","crwdcntrl.net","Lotame","US"
"bluewin.ch","ctnsnet.com","Crimtan","UK"
"bluewin.ch","cwi.re","",""
"bluewin.ch","daydeal.ch","",""
"bluewin.ch","de17a.com","",""
"bluewin.ch","decibelinsight.net","",""
"bluewin.ch","demdex.net","Adobe Audience Manager","US"
"bluewin.ch","dotomi.com","Dotomi","US"
"bluewin.ch","doubleclick.net","DoubleClick","US"
"bluewin.ch","erne.co","",""
"bluewin.ch","ethinking.de","",""
"bluewin.ch","everesttech.net","Adobe Experience Cloud","US"
"bluewin.ch","facebook.com","Facebook","US"
"bluewin.ch","facebook.net","Facebook","US"
"bluewin.ch","fiftyt.com","Fifty Technology","UK"
"bluewin.ch","fun4free.net","",""
"bluewin.ch","google.ch","Google","US"
"bluewin.ch","google.com","Google","US"
"bluewin.ch","googlesyndication.com","AdSense","US"
"bluewin.ch","googletagservices.com","Google Tag Manager","US"
"bluewin.ch","ibillboard.com","",""
"bluewin.ch","imgix.net","Imgix","US"
"bluewin.ch","indexww.com","Index Exchange","CA"
"bluewin.ch","iprom.net","",""
"bluewin.ch","jsdelivr.net","jsDelivr","US"
"bluewin.ch","loopme.me","Loopme","UK"
"bluewin.ch","lp4.io","Linkpulse","NO"
"bluewin.ch","m6r.eu","Ströer","DE"
"bluewin.ch","mathtag.com","Media Math","US"
"bluewin.ch","mpod.ch","",""
"bluewin.ch","ocdn.eu","",""
"bluewin.ch","omtrdc.net","Adobe Experience Cloud","US"
"bluewin.ch","onaudience.com","OnAudience","UK"
"bluewin.ch","onet.pl","",""
"bluewin.ch","onetrust.com","",""
"bluewin.ch","opecloud.com","",""
"bluewin.ch","openx.net","OpenX","US"
"bluewin.ch","playground.xyz","",""
"bluewin.ch","pubmatic.com","PubMatic","US"
"bluewin.ch","push.delivery","",""
"bluewin.ch","quantserve.com","Quantcast","US"
"bluewin.ch","revjet.com","",""
"bluewin.ch","scorecardresearch.com","ScorecardResearch","US"
"bluewin.ch","scsstatic.ch","",""
"bluewin.ch","semasio.net","Semasio","DE"
"bluewin.ch","simpli.fi","simpli.fi","US"
"bluewin.ch","skybanner.org","",""
"bluewin.ch","skyjs.org","",""
"bluewin.ch","smartadserver.com","Smart AdServer","FR"
"bluewin.ch","sportradarserving.com","",""
"bluewin.ch","stackadapt.com","",""
"bluewin.ch","swisscom.ch","",""
"bluewin.ch","tiqcdn.com","Tealium","US"
"bluewin.ch","tribalfusion.com","Tribal Fusion","US"
"bluewin.ch","truffle.bid","",""
"bluewin.ch","turn.com","Turn","US"
"bluewin.ch","twitter.com","Twitter","US"
"bluewin.ch","userreport.com","",""
"bluewin.ch","wisepops.com","",""
"bluewin.ch","yahoo.com","Yahoo","US"
"bluewin.ch","yieldlove-ad-serving.net","",""
"bluewin.ch","yieldlove.com","",""
"bluewin.ch","zemanta.com","",""
"bluewin.ch","zeotap.com","Zeotap","DE"
"booking.com","bing.com","Bing","US"
"booking.com","bstatic.com","",""
"booking.com","doubleclick.net","DoubleClick","US"
"booking.com","google-analytics.com","Google Analytics","US"
"booking.com","google.ch","Google","US"
"booking.com","google.com","Google","US"
"booking.com","googleadservices.com","AdSense","US"
"booking.com","googletagmanager.com","Google Tag Manager","US"
"booking.com","gstatic.com","Google","US"
"booking.com","pinimg.com","Pinterest","US"
"booking.com","pinterest.com","Pinterest","US"
"booking.com","px-cloud.net","",""
"booking.com","sc-static.net","",""
"booking.com","snapchat.com","",""
"digitec.ch","ads-twitter.com","Twitter","US"
"digitec.ch","bing.com","Bing","US"
"digitec.ch","doubleclick.net","DoubleClick","US"
"digitec.ch","facebook.com","Facebook","US"
"digitec.ch","facebook.net","Facebook","US"
"digitec.ch","google-analytics.com","Google Analytics","US"
"digitec.ch","google.ch","Google","US"
"digitec.ch","google.com","Google","US"
"digitec.ch","googleapis.com","Google APIs","US"
"digitec.ch","googletagmanager.com","Google Tag Manager","US"
"digitec.ch","pinimg.com","Pinterest","US"
"digitec.ch","pinterest.com","Pinterest","US"
"digitec.ch","t.co","Twitter","US"
"digitec.ch","twitter.com","Twitter","US"
"facebook.com","fbcdn.net","Facebook","US"
"fandom.com","crazyegg.com","Crazy Egg","US"
"fandom.com","doubleclick.net","DoubleClick","US"
"fandom.com","fastly-insights.com","",""
"fandom.com","google-analytics.com","Google Analytics","US"
"fandom.com","googleapis.com","Google APIs","US"
"fandom.com","googletagmanager.com","Google Tag Manager","US"
"fandom.com","googletagservices.com","Google Tag Manager","US"
"fandom.com","gstatic.com","Google","US"
"fandom.com","nocookie.net","Fandom","US"
"fandom.com","wikia-services.com","",""
"galaxus.ch","ads-twitter.com","Twitter","US"
"galaxus.ch","bing.com","Bing","US"
"galaxus.ch","doubleclick.net","DoubleClick","US"
"galaxus.ch","facebook.com","Facebook","US"
"galaxus.ch","facebook.net","Facebook","US"
"galaxus.ch","google-analytics.com","Google Analytics","US"
"galaxus.ch","google.ch","Google","US"
"galaxus.ch","google.com","Google","US"
"galaxus.ch","googleapis.com","Google APIs","US"
"galaxus.ch","googletagmanager.com","Google Tag Manager","US"
"galaxus.ch","pinimg.com","Pinterest","US"
"galaxus.ch","pinterest.com","Pinterest","US"
"galaxus.ch","t.co","Twitter","US"
"galaxus.ch","twitter.com","Twitter","US"
"github.com","githubassets.com","",""
"google.ch","google.com","Google","US"
"google.ch","gstatic.com","Google","US"
"google.com","gstatic.com","Google","US"
"instagram.com","cdninstagram.com","Instagram","US"
"instagram.com","facebook.com","Facebook","US"
"instagram.com","facebook.net","Facebook","US"
"linkedin.com","google.com","Google","US"
"linkedin.com","gstatic.com","Google","US"
"linkedin.com","licdn.com","LinkedIn","US"
"live.com","clarity.ms","",""
"live.com","microsoft.com","Microsoft","US"
"live.com","msecnd.net","",""
"live.com","office365.com","Microsoft","US"
"microsoft.com","akamaized.net","Akamai","US"
"microsoft.com","azure.com","",""
"microsoft.com","gfx.ms","Microsoft","US"
"microsoft.com","live.com","Microsoft","US"
"microsoft.com","msauth.net","",""
"microsoft.com","placeholder.com","",""
"microsoft.com","s-microsoft.com","Microsoft","US"
"netflix.com","cookielaw.org","",""
"netflix.com","nflxext.com","Netflix","US"
"netflix.com","nflxso.net","Netflix","US"
"netflix.com","onetrust.com","",""
"office.com","akamaized.net","Akamai","US"
"office.com","azure.com","",""
"office.com","bing.com","Bing","US"
"office.com","gfx.ms","Microsoft","US"
"office.com","microsoft.com","Microsoft","US"
"office.com","office.net","",""
"office.com","s-microsoft.com","Microsoft","US"
"paypal.com","ctfassets.net","",""
"paypal.com","gstatic.com","Google","US"
"paypal.com","paypalobjects.com","",""
"paypal.com","qualtrics.com","",""
"paypal.com","recaptcha.net","",""
"post.ch","doubleclick.net","DoubleClick","US"
"post.ch","google-analytics.com","Google Analytics","US"
"post.ch","google.ch","Google","US"
"post.ch","google.com","Google","US"
"post.ch","googleapis.com","Google APIs","US"
"post.ch","googleoptimize.com","",""
"post.ch","googletagmanager.com","Google Tag Manager","US"
"post.ch","hotjar.com","Hotjar","MT"
"post.ch","ipify.org","",""
"post.ch","tiqcdn.com","Tealium","US"
"reddit.com","datadome.co","",""
"reddit.com","google.com","Google","US"
"reddit.com","googletagmanager.com","Google Tag Manager","US"
"reddit.com","redd.it","",""
"reddit.com","redditmedia.com","",""
"reddit.com","redditstatic.com","",""
"reddit.com","rlcdn.com","LiveRamp","US"
"reddit.com","scorecardresearch.com","ScorecardResearch","US"
"reddit.com","twimg.com","Twitter","US"
"reddit.com","twitter.com","Twitter","US"
"ricardo.ch","adnxs.com","Xandr","US"
"ricardo.ch","adsafeprotected.com","Integral Ad Science","US"
"ricardo.ch","appcues.com","",""
"ricardo.ch","b-cdn.net","",""
"ricardo.ch","cloudflareinsights.com","",""
"ricardo.ch","cookielaw.org","",""
"ricardo.ch","da-services.ch","",""
"ricardo.ch","doubleclick.net","DoubleClick","US"
"ricardo.ch","google-analytics.com","Google Analytics","US"
"ricardo.ch","googleapis.com","Google APIs","US"
"ricardo.ch","googlesyndication.com","AdSense","US"
"ricardo.ch","googletagmanager.com","Google Tag Manager","US"
"ricardo.ch","gstatic.com","Google","US"
"ricardo.ch","hotjar.com","Hotjar","MT"
"ricardo.ch","hotjar.io","Hotjar","MT"
"ricardo.ch","kxcdn.com","",""
"ricardo.ch","onetrust.com","",""
"ricardo.ch","opecloud.com","",""
"ricardo.ch","polyfill.io","",""
"ricardo.ch","ricardostatic.ch","",""
"ricardo.ch","sentry.io","",""
"ricardo.ch","tda.link","",""
"rts.ch","akamaized.net","Akamai","US"
"rts.ch","chartbeat.com","Chartbeat","US"
"rts.ch","chartbeat.net","Chartbeat","US"
"rts.ch","cloudflare.com","Cloudflare","US"
"rts.ch","cookielaw.org","",""
"rts.ch","mpod.ch","",""
"rts.ch","onetrust.com","",""
"rts.ch","scorecardresearch.com","ScorecardResearch","US"
"rts.ch","srf.ch","",""
"rts.ch","srgssr.ch","",""
"rts.ch","typography.com","",""
"rts.ch","wt-eu02.net","Webtrekk","DE"
"sbb.ch","adobedtm.com","Adobe Experience Cloud","US"
"sbb.ch","cookielaw.org","",""
"sbb.ch","onetrust.com","",""
"sbb.ch","speedcurve.com","",""
"sbb.ch","swisspass.ch","",""
"srf.ch","chartbeat.com","Chartbeat","US"
"srf.ch","chartbeat.net","Chartbeat","US"
"srf.ch","kameleoon.eu","",""
"srf.ch","mpod.ch","",""
"srf.ch","scorecardresearch.com","ScorecardResearch","US"
"srf.ch","srgssr.ch","",""
"srf.ch","wcfbc.net","Webtrekk","DE"
"stackoverflow.com","google-analytics.com","Google Analytics","US"
"stackoverflow.com","googleapis.com","Google APIs","US"
"stackoverflow.com","googletagmanager.com","Google Tag Manager","US"
"stackoverflow.com","sstatic.net","",""
"swisscom.ch","akamaihd.net","Akamai","US"
"swisscom.ch","boltdns.net","",""
"swisscom.ch","scene7.com","",""
"swisscom.ch","scsstatic.ch","",""
"swisscom.ch","tiqcdn.com","Tealium","US"
"tiktok.com","bytedapm.com","",""
"tiktok.com","byteoversea.com","",""
"tiktok.com","googleapis.com","Google APIs","US"
"tiktok.com","ibytedtos.com","",""
"tiktok.com","tiktokcdn-us.com","",""
"tiktok.com","tiktokcdn.com","",""
"tiktok.com","tiktokv.com","",""
"tiktok.com","ttwstatic.com","",""
"tutti.ch","adnxs.com","Xandr","US"
"tutti.ch","adsafeprotected.com","Integral Ad Science","US"
"tutti.ch","cookielaw.org","",""
"tutti.ch","criteo.com","Criteo","FR"
"tutti.ch","da-services.ch","",""
"tutti.ch","doubleclick.net","DoubleClick","US"
"tutti.ch","google-analytics.com","Google Analytics","US"
"tutti.ch","google.ch","Google","US"
"tutti.ch","google.com","Google","US"
"tutti.ch","googletagmanager.com","Google Tag Manager","US"
"tutti.ch","onetrust.com","",""
"tutti.ch","prismic.io","",""
"tutti.ch","qualtrics.com","",""
"tutti.ch","sentry.io","",""
"tutti.ch","tda.link","",""
"twitch.tv","amazon-adsystem.com","Amazon Marketing Services","US"
"twitch.tv","cdndex.io","",""
"twitch.tv","cloudfront.net","Amazon","US"
"twitch.tv","gstatic.com","Google","US"
"twitch.tv","imrworldwide.com","Nielsen Online","US"
"twitch.tv","jtvnw.net","",""
"twitch.tv","scorecardresearch.com","ScorecardResearch","US"
"twitch.tv","ttvnw.net","",""
"twitch.tv","twitchcdn.net","",""
"twitter.com","google.com","Google","US"
"twitter.com","twimg.com","Twitter","US"
"watson.ch","adconsole.ch","",""
"watson.ch","adform.net","AdForm","DK"
"watson.ch","adition.com","Adition Technologies","DE"
"watson.ch","adnxs-simple.com","",""
"watson.ch","adnxs.com","Xandr","US"
"watson.ch","adnz.co","",""
"watson.ch","adsafeprotected.com","Integral Ad Science","US"
"watson.ch","adsrvr.org","The Trade Desk","US"
"watson.ch","amazonaws.com","Amazon Web Services","US"
"watson.ch","businessclick.ch","",""
"watson.ch","chartbeat.com","Chartbeat","US"
"watson.ch","chartbeat.net","Chartbeat","US"
"watson.ch","cloudflare.com","Cloudflare","US"
"watson.ch","codevelop.network","",""
"watson.ch","criteo.com","Criteo","FR"
"watson.ch","criteo.net","Criteo","FR"
"watson.ch","da-services.ch","",""
"watson.ch","doubleclick.net","DoubleClick","US"
"watson.ch","facebook.com","Facebook","US"
"watson.ch","facebook.net","Facebook","US"
"watson.ch","gbucket.ch","",""
"watson.ch","google-analytics.com","Google Analytics","US"
"watson.ch","google.ch","Google","US"
"watson.ch","google.com","Google","US"
"watson.ch","googleapis.com","Google APIs","US"
"watson.ch","googlesyndication.com","AdSense","US"
"watson.ch","googletagmanager.com","Google Tag Manager","US"
"watson.ch","googletagservices.com","Google Tag Manager","US"
"watson.ch","gstatic.com","Google","US"
"watson.ch","jwplayer.com","Longtail Ad Solutions","US"
"watson.ch","jwpsrv.com","Longtail Ad Solutions","US"
"watson.ch","mookie1.com","Xaxis","US"
"watson.ch","mpod.ch","",""
"watson.ch","onesignal.com","",""
"watson.ch","openx.net","OpenX","US"
"watson.ch","openxcdn.net","",""
"watson.ch","plista.com","plista","DE"
"watson.ch","quantserve.com","Quantcast","US"
"watson.ch","scorecardresearch.com","ScorecardResearch","US"
"watson.ch","teads.tv","Teads","US"
"watson.ch","ubimet.com","",""
"watson.ch","watsondata.ch","",""
"whatsapp.com","whatsapp.net","",""
"yahoo.com","3lift.com","TripleLift","US"
"yahoo.com","adentifi.com","",""
"yahoo.com","adform.net","AdForm","DK"
"yahoo.com","adition.com","Adition Technologies","DE"
"yahoo.com","adnxs.com","Xandr","US"
"yahoo.com","adotmob.com","",""
"yahoo.com","adsafety.net","",""
"yahoo.com","adsrvr.org","The Trade Desk","US"
"yahoo.com","adtechus.com","ONE by Aol","US"
"yahoo.com","advertising.com","ONE by Aol","US"
"yahoo.com","agkn.com","Neustar Marketing","US"
"yahoo.com","amazon-adsystem.com","Amazon Marketing Services","US"
"yahoo.com","ampproject.org","Amp Project","US"
"yahoo.com","bidr.io","Beeswax","US"
"yahoo.com","bidswitch.net","Bidswitch","US"
"yahoo.com","bing.com","Bing","US"
"yahoo.com","bluekai.com","Oracle Blue Kai","US"
"yahoo.com","casalemedia.com","Index Exchange","CA"
"yahoo.com","clinch.co","",""
"yahoo.com","contextweb.com","PulsePoint","US"
"yahoo.com","creativecdn.com","",""
"yahoo.com","criteo.com","Criteo","FR"
"yahoo.com","ctnsnet.com","Crimtan","UK"
"yahoo.com","demdex.net","Adobe Audience Manager","US"
"yahoo.com","dotomi.com","Dotomi","US"
"yahoo.com","doubleclick.net","DoubleClick","US"
"yahoo.com","dyntrk.com","Dynadmic","FR"
"yahoo.com","emxdgt.com","Engine Media Exchange","US"
"yahoo.com","everesttech.net","Adobe Experience Cloud","US"
"yahoo.com","google.ch","Google","US"
"yahoo.com","google.com","Google","US"
"yahoo.com","googleapis.com","Google APIs","US"
"yahoo.com","googlesyndication.com","AdSense","US"
"yahoo.com","googletagservices.com","Google Tag Manager","US"
"yahoo.com","gstatic.com","Google","US"
"yahoo.com","gumgum.com","Gumgum","US"
"yahoo.com","indexww.com","Index Exchange","CA"
"yahoo.com","ipromote.com","",""
"yahoo.com","js7k.com","",""
"yahoo.com","lijit.com","Sovrn","US"
"yahoo.com","lkqd.net","",""
"yahoo.com","mathtag.com","Media Math","US"
"yahoo.com","media.net","Media.net","US"
"yahoo.com","mediago.io","",""
"yahoo.com","moatads.com","Moat","US"
"yahoo.com","openx.net","OpenX","US"
"yahoo.com","pubmatic.com","PubMatic","US"
"yahoo.com","quantserve.com","Quantcast","US"
"yahoo.com","rfihub.com","Rocketfuel","US"
"yahoo.com","rubiconproject.com","Rubicon Project","US"
"yahoo.com","scorecardresearch.com","ScorecardResearch","US"
"yahoo.com","sharethrough.com","Sharethrough","US"
"yahoo.com","simpli.fi","simpli.fi","US"
"yahoo.com","smadex.com","",""
"yahoo.com","smartclip.net","",""
"yahoo.com","smartstream.tv","",""
"yahoo.com","taboola.com","Taboola","US"
"yahoo.com","taptapnetworks.com","",""
"yahoo.com","tribalfusion.com","Tribal Fusion","US"
"yahoo.com","trustarc.com","TrustArc","US"
"yahoo.com","truste.com","TrustArc","US"
"yahoo.com","uplynk.com","Verizon Media","US"
"yahoo.com","userreport.com","",""
"yahoo.com","w55c.net","DataXu","US"
"yahoo.com","yahoo.net","Yahoo","US"
"yahoo.com","yahoodns.net","",""
"yahoo.com","yieldmo.com","Yieldmo","US"
"yahoo.com","yimg.com","Yahoo","US"
"yahoo.com","zenfs.com","",""
"youtube.com","ggpht.com","Google","US"
"youtube.com","google.com","Google","US"
"youtube.com","googleapis.com","Google APIs","US"
"youtube.com","gstatic.com","Google","US"
"youtube.com","ytimg.com","YouTube","US"
"zoom.us","ada.support","",""
"zoom.us","cookielaw.org","",""
"zoom.us","googletagmanager.com","Google Tag Manager","US"
"zoom.us","onetrust.com","",""
"zoom.us","optimizely.com","Optimizely","US"
"zoom.us","solvvy.com","",""
