"n_pages","41"
"n_crawls","41"
"%_pages_ssl","100.0"
"n_requests_received","11611"
"%_requests_received_ssl","98.86"
"n_1p_requests_received","3447"
"%_1p_requests_received_ssl","99.97"
"n_3p_requests_received","8033"
"%_3p_requests_received_ssl","100.0"
"average_page_load_time","28.26"
"%_w/3p_request","100.0"
"%_w/3p_cookie","63.41"
"%_w/3p_script","97.56"
"mean_3p_domains","17.29"
"median_3p_domains","7"
"mode_3p_domains","4"
"mean_3p_cookies","15.27"
"median_3p_cookies","1"
"mode_3p_cookies","0"
